embedding_x,embedding_y
20.685535,-5.2620206
19.44302,-0.9311494
20.250862,-4.819275
5.620374,-6.499407
0.41887465,-3.1157258
20.51615,8.891491
20.856766,-5.39402
7.9439034,0.39895922
18.816395,-6.769851
11.47363,2.1904056
-2.8773592,7.1825166
8.819953,9.99213
22.346207,-6.509718
0.9796959,-3.5660846
20.261908,-4.8424296
22.331964,-6.4985213
3.1667993,-4.4698257
-7.9473643,-1.555508
-1.6840146,18.908499
21.546352,-5.9710636
21.394535,-5.859726
6.305888,-6.841451
17.627638,-4.4487257
17.067343,4.6425104
20.807283,-5.3534594
-1.6837561,18.91022
16.654715,8.872794
0.7184394,-1.6175442
21.086494,-0.45728835
-9.665336,3.3795145
19.169256,-7.01687
16.877394,4.5529246
-8.51358,-1.6410451
-3.3238685,7.382865
4.7450376,-5.9640007
18.730757,7.397623
22.306137,-6.475303
17.053972,4.594511
21.310276,-6.031999
12.243725,14.194325
19.732042,2.7056344
19.03689,6.4209123
18.47239,-5.8668838
-0.6644349,-3.256838
-8.384182,-1.6404558
7.9853735,10.416298
-6.3956537,-5.362988
18.78286,-6.7291512
17.012627,4.6268215
19.320332,7.651991
7.2797236,8.943162
7.7353344,0.8776409
8.93488,10.040287
3.1545026,1.4678776
21.382294,-0.1940171
-5.7844157,15.254688
8.575578,8.125553
12.097168,12.677102
3.1467009,1.4772807
0.97227526,-3.5668013
-5.6114793,15.816954
11.409025,2.133277
7.7144256,-1.2867817
-6.239172,12.824496
-6.9079995,-1.9983007
6.2508802,18.235708
22.281483,-6.4489098
18.375383,7.292091
22.251156,-6.440902
21.10672,-5.616489
18.830528,-6.533652
-5.7057667,15.587
7.8196177,-0.7819275
19.432331,-0.9422591
21.617228,-6.044853
19.185757,-4.481649
-8.412049,-1.6507516
19.588402,-4.535048
-5.7273073,15.541174
-9.288134,3.4187105
-0.61069626,-3.2517347
18.840338,6.759423
8.801514,7.5412755
7.606129,10.280397
3.0975392,1.5293057
19.330687,-4.2899737
17.579403,9.056079
3.8071764,-4.6918273
20.651457,-1.9076747
2.395501,10.089884
19.573057,5.9694576
-3.3257036,7.374665
22.253084,-6.441473
-8.929172,-1.6175122
20.001526,2.3448274
20.633524,3.9075863
6.248427,18.229778
20.127308,4.289692
3.3070266,1.2842615
6.7665286,0.8114213
20.528324,8.905991
19.41013,-4.1660895
2.177896,8.973899
-1.7992723,18.995075
18.462109,-5.9151173
2.1648312,8.9362335
5.178359,-7.4736247
-1.6879876,18.912859
7.897091,-0.28508338
20.555037,-5.1039357
19.716768,2.6933527
-6.2509756,12.826099
21.64669,-6.0676885
18.6688,-5.998461
20.80009,-5.3541336
19.417728,6.02179
8.305281,0.14792211
20.797348,-0.59915465
17.20634,9.398256
19.176575,-6.2867336
19.439793,-1.0126308
-1.6865822,18.90876
12.467647,11.951552
12.092036,12.679947
17.898333,-4.3285937
17.682964,7.2536755
16.558542,8.658344
16.09779,9.28505
7.6829243,10.170428
19.464977,-4.3678174
2.1461842,9.516311
-5.788229,15.24476
18.771898,7.3951883
2.3132033,8.956314
7.9833956,10.389675
17.627934,-3.6662993
19.454905,-0.9772203
11.572269,2.2846572
20.65125,3.9123468
20.15871,4.1598797
19.454964,-4.365062
16.328224,9.557839
16.925018,4.5841618
12.268524,13.141565
11.558102,2.274484
-7.9646997,-1.5747133
-2.876572,7.16893
17.48605,4.524694
0.061053865,-3.3289533
-9.303904,3.4247077
17.59129,-3.5708456
2.1961591,9.029234
21.496653,10.275492
19.45641,-4.40023
18.78762,7.4002657
3.1248317,1.5035809
7.378111,8.853536
7.0078278,0.63883597
3.2363873,-4.5018344
19.364037,-0.82012534
21.620659,-6.0063667
8.587671,8.116211
21.244984,-6.0719013
20.992792,-0.52897674
19.31165,6.0268884
20.097486,4.376875
16.599255,-3.4351282
8.560861,8.127452
11.435521,2.0258362
20.65234,-5.1921825
9.502634,10.207394
20.839518,-5.383276
17.78808,-4.022681
19.461843,-0.98027486
0.22180611,-1.0319241
4.328548,-5.183417
12.508066,11.904714
22.330645,-6.4970527
-7.6528506,-1.5810448
20.158207,3.9071927
19.207397,-6.407013
9.236748,7.063812
-1.8026998,18.997171
21.623716,-6.027139
8.668046,8.010726
-0.7595303,-2.9347684
-6.238811,12.812423
-1.7009891,18.916656
7.361754,8.870293
21.417995,10.1443205
-1.6889422,18.913324
7.22223,9.004007
18.28378,-5.8277326
-8.943287,-1.6173187
19.351677,6.0097117
-6.2515407,12.826643
19.537724,5.625347
9.083189,7.095087
-8.425724,-1.6485785
18.629675,-2.9168324
19.433672,-4.3603306
6.2476373,1.0642341
6.0678744,-6.4169407
3.694799,-4.6061144
-5.3819075,16.994963
16.500895,8.811331
20.0864,-4.999909
14.330417,20.154491
8.664715,8.000783
16.63837,9.045386
21.435036,-5.86923
16.480864,-3.4156272
3.7963192,-4.638945
-9.662154,3.3987827
16.325605,-3.3259666
-2.1201942,19.336952
22.349665,-6.5180945
17.050268,4.633689
5.1763043,-7.479999
21.16095,-0.41011605
19.463444,-4.306383
17.746595,9.304855
19.046898,7.3786225
6.6537895,1.3047546
22.365324,-6.5276895
22.358839,-6.522036
19.548342,5.9273095
-3.3244913,7.3777394
18.35981,7.057206
19.213062,-6.646179
17.65862,-3.573879
18.864664,-6.682467
6.8418493,0.8364939
20.183891,4.0479026
20.380434,4.0497985
-7.6586556,-1.5833195
12.10346,12.704939
19.117538,-7.0800962
0.87747383,-3.4912667
22.367876,-6.527936
12.189984,14.509909
19.300581,6.081192
6.056378,17.471087
19.990774,2.318719
20.249292,3.9827673
17.669851,9.411266
21.680521,-6.084785
12.237988,14.411848
18.769802,-5.8219295
20.536495,8.91598
17.89249,-4.3364005
22.213596,-6.4069023
19.216187,-6.231296
21.442225,-0.1517296
17.631144,-4.445521
18.43055,-5.9251747
19.423374,5.924348
19.192867,-6.2415676
3.1417806,1.485857
19.181087,-7.021058
18.739786,-5.9498115
20.823399,-5.3590975
20.641289,9.066598
19.231815,-6.551779
18.7625,-3.8191533
19.193335,-4.3051972
13.62333,20.763838
21.689968,-6.0840974
12.054867,2.6313822
9.974935,-12.171747
18.59068,-3.0661023
20.954088,9.623791
19.209833,-6.2901306
16.217464,9.474029
4.659272,-6.0438776
12.628593,11.751383
18.310263,7.0445
16.873796,4.5394173
-6.045703,13.612759
19.342684,6.0382166
19.06091,-7.0774636
18.378345,-3.8517902
17.593231,-4.4499044
7.594512,9.701792
19.134619,-4.6215014
12.258646,13.065809
-4.0415893,-8.447148
19.256908,-2.5390425
18.48862,-2.6982534
20.774914,-5.350316
19.228834,-6.2865934
18.732298,7.3744044
18.906687,7.3712463
-7.062555,-1.9033357
8.429481,0.25606376
18.826971,-6.553087
5.988197,1.7999692
17.873209,-4.319585
20.487247,4.0138373
4.2778506,-5.137005
19.114626,-7.0014257
18.37422,-3.857885
18.866413,-6.50516
-7.6723747,-1.5868245
12.095515,12.588041
17.771852,9.01757
18.67753,6.81521
18.980423,-5.138561
21.563324,-5.9844346
20.7946,9.423287
20.362894,-4.880326
7.966909,10.429493
20.186846,3.5466573
18.67636,-3.7519667
17.816158,8.999756
-8.372776,-1.6595939
18.379663,-3.8551064
18.816927,7.3834476
20.750948,-5.3163567
9.480917,10.18518
-4.3587823,10.197657
3.12376,1.5032988
21.586855,-6.044283
-6.220488,12.82725
20.106003,3.2162244
8.907543,7.266125
16.79668,8.90566
20.895813,9.5701065
-8.006765,-1.5757314
8.503949,10.232585
3.841916,-4.709786
-2.3382225,19.237696
20.196955,3.8322694
16.130333,9.418031
9.795791,-12.692546
6.188137,0.34158438
21.619165,-6.0452285
16.890072,4.55892
-0.61898416,-3.2503822
19.05663,7.3503137
19.447159,-4.7476244
1.5194093,-0.9412514
4.339064,-5.237777
11.974029,2.5444593
21.47523,-5.841505
16.654753,-3.4769292
12.516224,11.897762
19.457476,-4.413385
-8.17347,-1.5852023
20.834024,-0.5519624
19.704702,2.6984606
-0.63644016,20.110891
17.646757,-3.5892189
21.298496,-6.108665
19.12423,-7.073056
-9.660982,3.4048727
12.513237,11.891692
8.883887,7.284102
18.734583,-3.7859707
17.050367,4.6315484
16.451115,-3.3998094
18.356207,6.998939
19.479836,-4.452619
0.8783822,-3.4904835
19.225412,-6.5374565
18.306059,-5.848935
17.703852,-4.4214597
17.89214,-4.3339467
18.72164,6.8302817
-5.49329,16.75338
19.329004,-4.4834876
19.111803,-7.0777707
8.31831,0.13137294
16.47024,9.000856
12.266024,13.139145
16.666111,-3.4499998
20.75047,-5.312672
8.013913,0.38275596
4.8948317,-6.048453
0.23674743,-1.0392399
19.558893,6.1163387
5.90632,1.1035947
16.334063,9.1936245
17.750494,-3.5587993
17.068905,4.641048
18.724081,6.8287287
7.977465,0.3057373
12.600292,11.78109
19.454182,-1.1303078
5.903852,1.1151371
6.0689745,-7.570795
21.648993,10.327655
2.0048978,9.457446
18.784245,-6.7824774
4.32587,-5.2410264
22.333586,-6.5000696
16.721115,-3.5140426
16.353016,9.587789
-1.0542561,-3.0292125
-1.0682665,-3.0070107
19.201899,-6.2213955
20.88952,-0.49282363
19.229965,-6.663868
21.089636,-0.45839447
8.930642,7.25598
8.843153,10.051118
20.605003,-1.866815
20.137947,-4.7723436
20.35544,4.006683
4.601762,-5.666478
21.289446,-6.086396
8.416195,0.31669515
13.613182,20.753447
19.04971,7.2503333
19.731981,2.700394
12.237649,14.202822
16.083086,9.339533
18.752659,-6.1219497
12.118095,12.693083
18.157547,7.190517
17.073547,4.663894
20.02641,2.992835
21.606628,-6.041177
20.138025,3.2487519
19.17152,-6.9800673
5.268394,-7.739645
-5.4627647,16.82421
20.43801,-1.7239655
-7.6648564,-1.6053774
21.338226,-0.25270647
-5.3873305,17.0195
21.269268,-0.3197196
6.01216,1.815161
20.15459,3.3327656
19.194937,-3.1213439
20.435858,-1.6929133
4.3003955,-5.2021556
8.97044,10.034876
20.95395,-0.52484393
19.076443,-4.135858
-5.474856,16.828611
-2.8975806,7.199115
5.176471,-7.5977297
3.1173863,1.5095865
6.3721137,1.1691879
18.513554,-3.3715682
-1.9334953,19.58585
-8.056314,-1.5811112
21.362589,-5.848783
19.594618,-4.5234404
21.313108,-5.9798536
20.345781,-4.866491
19.462225,6.0940666
-0.60632503,-3.1541805
21.687426,-6.081234
21.03924,-5.5483184
20.473543,-4.994263
-8.2695465,-1.608923
18.459633,-2.6830127
6.257176,-6.3392696
20.485077,4.027805
17.903582,-4.277458
19.361664,7.623779
18.471792,-2.6939526
-6.2460437,12.825172
20.695126,3.9030557
20.339355,3.884277
21.37749,-5.8894067
16.515135,-3.4329932
21.891674,-6.222483
20.109644,4.3271604
19.352154,-4.7317576
5.2453895,-7.761164
19.4658,6.1732216
-6.0340514,13.673038
3.13569,1.492864
18.866232,-6.4978123
-4.0457816,-8.442707
18.847643,-6.563188
19.238197,-6.196274
17.02665,4.6364903
16.676905,-3.4963913
19.318386,6.033553
8.890358,7.2874837
21.306479,-0.28204265
3.174791,1.4463418
19.388083,6.187202
7.7521515,10.139143
9.489251,10.193311
17.667923,7.3987184
19.427786,5.947391
6.0793185,0.30889365
3.1528728,1.4753759
21.538612,10.207642
-6.933487,-1.9781235
20.63835,9.060352
0.7771667,-1.6020012
19.694777,5.0733557
8.926293,10.118022
16.073105,9.352606
-2.0991426,19.385435
-5.475752,16.82498
18.396564,-3.8533611
19.282124,-0.7360502
2.2186904,9.311406
20.837227,-0.5652526
21.341684,-6.0817933
20.027214,2.419213
12.081824,12.650615
0.960449,-3.5510242
21.052513,-0.47567928
-0.639953,20.111834
7.7697616,10.064655
20.492844,8.867394
17.040436,4.577628
19.52455,5.845767
7.4018884,8.838136
7.2277412,9.055695
9.122655,7.0694637
7.9562855,10.415345
12.1954975,13.59651
-3.0277061,18.950386
21.412096,-5.8062253
3.8681521,-4.6640525
19.183834,6.8555226
16.799446,-3.4678688
-8.92206,-1.6208444
19.161453,-4.3113475
18.491982,-2.7010322
17.170145,9.064719
20.321552,-4.846462
20.232868,3.441764
16.995363,9.633811
8.291725,0.0777544
-3.004893,18.970024
12.602261,11.782199
17.161377,9.139474
21.082886,9.769794
21.638178,-6.052326
19.48669,-4.4451537
19.282576,6.2779346
21.22887,-6.1001215
0.9785612,-3.5700984
21.031504,-5.5390973
17.659918,7.2998667
20.414677,4.0903416
-6.0388784,13.63774
-3.2146027,7.410402
11.584346,2.276369
8.081279,0.36159188
8.492309,8.202198
2.1563165,8.917819
12.424139,12.016048
-8.945613,-1.6221652
-6.217804,12.815542
8.04221,8.544954
9.177714,7.107441
5.9323688,1.0910845
11.307352,2.1274505
-0.5987755,-3.285689
12.212399,14.5774
-8.523123,-1.6397805
18.405169,6.952102
-1.9362131,19.596292
0.8429513,-1.6682483
21.603159,-6.033492
20.723022,-5.309953
3.304098,-4.5375724
16.563099,8.659456
19.308788,-4.2592163
17.509756,4.5634637
16.649141,9.669287
-8.257654,11.137264
-6.4050555,-5.3534145
-8.940938,-1.6201321
7.269529,8.951414
19.493801,6.1513424
17.888975,-4.3295956
9.1998825,7.1001177
8.359602,0.217647
5.8245425,-6.548496
9.005305,7.1590166
12.005957,2.5748267
-8.915192,-1.6088499
16.448135,9.026322
9.792084,-12.686093
16.698626,-3.5032868
9.202239,7.0718675
3.5087676,1.0091672
2.0064821,9.418998
5.1571293,-7.5107584
19.397638,6.429362
9.562881,10.226945
16.874361,9.565591
2.1600103,8.935203
19.297794,6.134977
19.531595,6.175096
19.04107,6.451935
20.173378,4.061464
16.511635,8.687007
6.838315,0.7928066
-6.8909335,-2.010534
16.526707,8.730361
3.6917613,-4.5989075
18.227753,7.1082215
21.286736,-6.061474
18.780088,-4.72962
18.900917,-5.2456813
21.700245,-6.100374
21.635437,-6.0936
18.294209,-5.844644
20.772755,-5.3405023
19.568483,6.004925
7.947192,10.042662
16.434734,-3.387351
17.872747,-4.380495
6.2393475,18.024008
8.542669,8.1598425
20.398365,-1.7281715
20.622042,-5.190094
16.314592,-3.3156965
13.428584,20.744005
4.2848005,-5.2065296
14.329033,20.146864
21.825655,10.453393
8.380495,8.348315
8.344563,0.20737211
12.041038,2.6137984
8.965075,7.2067647
18.307306,-5.8578706
19.328438,-0.7903557
17.57452,9.157541
20.684008,3.8901258
20.83402,-5.387146
7.78138,0.9929648
19.400625,6.382539
3.8705082,-4.745545
-2.9578733,7.2474947
-4.0325627,-8.456028
19.270807,-0.7187441
-7.7075453,-1.5999234
21.398172,-5.831678
19.11086,-7.0860662
-2.1076183,19.386408
17.886446,-4.3671746
19.740396,2.6481268
17.08939,9.031695
18.197264,7.132651
-8.434112,-1.6477412
-6.395033,-5.36372
14.344658,20.146935
21.66803,-6.076171
18.85618,-6.544093
17.67941,-3.6494253
9.818218,-12.731658
17.084698,4.6370316
20.298296,-4.83575
17.669617,9.420301
17.407812,-3.528675
16.965027,4.6174417
7.8613997,10.443883
12.100155,12.60081
16.510822,9.395247
20.995386,-0.48969078
21.650646,-6.077799
18.290031,-5.8437905
16.600924,8.822744
19.174297,-7.022087
18.90928,-6.949437
6.0646796,17.459505
14.320528,20.146345
12.118681,12.542272
-5.806177,15.1935625
6.0776787,17.437777
19.069262,-6.350535
7.7285137,-1.2601131
7.247911,8.974254
12.074492,12.639844
18.796122,-6.633981
-0.7329586,-2.986677
16.693369,-3.5212348
18.99466,-6.3931007
3.7509255,-4.6519594
-5.475399,16.845804
-8.841179,-1.622699
17.715528,9.325355
18.253956,-4.4697504
19.484892,-4.376982
21.224445,-0.3588511
19.71858,2.714936
20.114147,4.3780866
7.2273993,9.000612
4.737182,-5.9812236
16.96378,4.5935726
18.920166,-6.9373555
18.888988,-6.8596992
18.337696,-5.8742085
19.25192,6.125851
21.281599,-0.30886737
-9.671576,3.4008534
20.907482,-0.5281907
18.863773,-6.5121827
16.420752,9.508453
-5.323527,17.17503
20.337595,-4.860549
18.869047,7.260188
20.936287,9.614024
12.002636,2.6022162
12.097549,12.684064
7.6455717,10.221146
21.372824,-6.0929103
9.2079935,10.182094
0.8724307,-3.4857066
17.948557,-4.380784
21.747707,10.501532
17.716454,7.372049
-2.0950377,19.392944
3.1794693,-4.476125
2.2935514,9.3525305
2.204477,8.985401
21.450785,-0.1457387
20.191902,3.7609248
6.619129,17.381397
20.114218,4.3315086
16.665281,-3.4489195
9.203575,7.0681987
0.7928797,11.512761
18.26145,-4.469272
9.47184,10.213044
18.48084,-2.683728
-7.7307434,-1.5984854
6.0755286,17.47073
20.644733,-5.2072167
12.406007,12.0364685
18.614117,-3.3733852
20.04183,3.0472171
0.7591593,11.529777
20.127256,4.361302
21.433071,-0.15911286
21.780403,-6.1335235
9.524643,10.206627
21.341467,-6.066718
18.267385,7.181974
16.30121,9.560475
20.436192,-4.949689
16.690079,-3.4750755
12.389974,12.071719
16.595276,9.36999
6.319634,1.0663265
8.293286,8.400481
0.07615393,-3.33225
18.78083,-6.1938496
18.766497,-6.771989
12.513245,11.8953
9.345444,10.19229
19.437912,-2.0936997
20.209574,-4.7927575
19.468737,6.25573
-8.157678,-1.5918514
-7.651704,-1.575244
12.596431,11.7847185
3.492483,0.9727948
8.416322,0.25409165
17.843166,-4.284606
12.003229,2.5739567
17.166342,9.036155
12.499187,11.924166
7.6135807,10.261575
-5.803086,15.209146
21.343338,-5.934217
20.400082,-4.9321985
17.69512,9.385667
1.5767949,-1.0896379
3.2223105,1.3926729
-8.943728,-1.6178544
8.227916,8.462654
8.372939,0.3389699
6.397762,-7.7165923
7.9481,-0.33460242
-7.7397594,-1.579616
-7.6120825,-1.6176636
15.165582,20.663792
-3.0003095,18.972319
12.513873,11.8905115
18.228294,7.1068153
16.412527,-3.3781815
17.740732,9.333447
8.375816,0.21886122
6.717054,0.47289187
16.411314,9.617516
18.391653,-3.8621209
4.7741847,-5.8650146
20.346754,-4.8614864
-0.6231637,20.126501
19.091574,-6.1080475
17.454576,4.5118413
-4.907436,18.53105
11.8692875,2.4125366
19.281506,-0.73535514
2.695579,11.436564
-6.8666067,-2.0317187
-6.239831,12.836649
19.43915,-0.93830174
19.45162,5.877839
20.111362,3.1819916
3.2144752,1.3985265
4.370477,-5.267452
6.401555,-7.7284007
22.392199,-6.5555086
4.309156,-5.21004
18.888552,7.405391
19.561707,-4.7672815
20.148127,3.2739313
3.1513553,1.4721538
21.372917,-0.21323436
17.282108,9.299261
17.438402,4.5018244
0.93326557,-3.5069764
19.197168,-6.789817
18.985506,7.344568
20.69098,-0.6395539
8.620448,8.089965
19.695747,2.668355
12.519589,11.885478
16.761045,9.582891
19.436943,-0.9991696
19.5193,6.142395
18.768188,7.2673664
19.180523,-2.759066
17.662542,4.5761986
18.364475,7.194202
19.554132,6.0174775
12.257176,12.360004
6.0749726,17.455667
-6.8715744,-2.0256944
20.65794,-5.216933
7.8652096,-0.69072145
-0.9742634,-3.0650353
-2.334611,19.253323
13.640983,20.69921
-7.6225123,-1.591623
19.279705,-0.7311865
17.030415,4.66969
20.601128,-5.1816096
17.729471,-4.407827
5.4374976,-6.5139623
22.30052,-6.483443
20.962917,-0.51590204
18.609632,-2.879886
3.7204125,-4.620911
8.888225,10.098947
0.8814982,-3.4915044
2.1971695,8.968166
20.189224,4.0085855
6.952758,1.2668813
8.371135,0.21643539
5.5210285,-6.5762753
12.494801,11.910093
18.885689,-5.9996734
21.691702,10.66923
22.351908,-6.514767
17.02071,9.291395
-6.2414174,12.7933855
17.656109,9.336973
18.787012,-6.661178
4.8385077,-5.9911
20.771324,-0.6210853
19.288242,-6.249569
0.83075875,-1.3347886
18.847925,7.437422
-5.8051915,15.202535
17.799957,7.247025
6.814621,0.7772134
-2.3282855,19.240095
20.955826,-0.51489747
-6.213711,12.808382
5.644171,-6.5606003
18.393595,-3.8487134
20.421972,-4.936214
18.29147,-4.491499
12.174381,12.637518
-6.882651,-2.0168777
19.50551,5.7686286
18.612778,-3.441511
8.377142,0.20317438
18.871153,-6.9166565
20.82764,-0.5665645
2.1546574,8.913705
16.755331,9.707296
21.678373,10.519136
22.264523,-6.449031
-7.8367863,-1.5718867
6.993221,0.4516422
19.097275,-3.0271823
3.7294462,-4.632859
0.85080934,-1.2268248
8.137377,0.30803126
5.9529,-6.438653
8.508493,10.211886
6.0121903,1.8168808
20.895819,-0.54144436
18.223263,7.3593483
-9.675456,3.4018824
18.518349,-5.889601
3.229916,1.3805058
19.488716,-1.0162246
6.7947555,-6.635163
11.764375,2.3124428
7.8960614,10.425247
7.5970383,10.255545
-9.655607,3.4086883
8.953072,10.02457
0.75758505,11.524722
16.677118,-3.4619238
16.752735,-3.5633407
0.9559743,-0.82102764
19.277231,-5.854556
-2.3576374,19.210756
19.443285,-0.96254677
0.75965524,11.527456
8.359634,0.34842768
20.953041,9.621383
-0.6156276,20.132874
7.275004,8.947942
-5.4634323,16.909859
-8.398462,-1.6542525
16.7744,8.777485
-7.6512117,-1.5906295
2.1528957,9.527113
16.281181,9.559753
19.360504,5.9613075
-6.201245,12.7961445
17.634974,-4.4543104
19.588238,-4.569309
6.3100066,-7.663011
20.440804,-4.950171
11.537396,2.2469056
12.402659,12.050168
-0.19827415,-1.139301
19.274,6.602784
20.265171,-1.7098446
18.102003,7.3156924
8.669553,8.037595
3.1111279,1.5176648
17.436832,4.490406
6.893562,0.5639908
-0.77334577,-2.9482062
6.9647713,1.2423224
6.0028195,1.7859764
0.08618262,-3.3329203
7.6012073,10.288718
-5.3201213,17.25513
16.532917,-3.4103408
17.486055,-3.5527449
16.477491,-3.4150925
20.389648,-4.888618
21.790285,10.500038
18.255245,7.164675
19.47896,-4.4317813
4.7341843,-5.988953
22.32713,-6.494302
20.103998,4.381136
20.099724,3.1703537
19.178642,-7.000168
4.7292814,-5.9675055
18.562016,-3.4918573
12.510223,11.901205
-3.0640156,18.913631
19.194931,-7.0250096
4.280437,-5.274717
16.34657,-3.3411756
9.194397,7.0843353
8.6115265,8.092546
16.638992,9.612425
16.28908,9.546352
19.503826,6.2020445
6.9137745,0.95501685
14.376786,20.174513
4.318117,-5.18501
-0.6034103,-3.150223
7.0483685,0.7211586
8.5479965,8.154655
18.993835,7.3992596
-0.60980827,-3.2747178
1.5369672,-1.109475
17.647394,4.5661354
-2.8714955,7.160871
-0.6118872,-3.1740878
-3.3658156,7.369011
7.3658266,8.860968
19.30811,-0.7722868
18.653234,-4.7078567
16.86536,9.6553335
17.71607,-3.7248597
-7.614336,-1.5949079
-6.246647,12.756127
17.059216,4.645658
8.392584,0.24391069
19.50484,5.8944674
16.65016,8.61554
20.9463,9.624348
12.058821,12.637937
6.6810513,1.2199196
6.87461,-6.8857245
19.426592,6.281514
19.066338,-2.984834
19.157938,-4.829491
-3.3559318,7.368183
-8.941523,-1.6193389
12.331325,12.291627
-5.8142877,15.198664
19.36371,6.002765
8.88293,7.3063
20.780493,9.430154
11.400208,2.1316376
19.169407,-2.855237
19.16862,-7.0194716
-7.709415,-1.5688754
12.449358,11.98365
-2.9894679,18.986069
18.881378,-6.9046106
16.100037,9.262371
17.647,-3.5824556
6.785715,1.3054922
6.8135395,0.7667029
18.58873,7.699484
18.831598,7.2693176
21.402943,-6.0991926
2.1908338,9.03131
18.309654,7.1733384
13.39041,20.734035
4.637765,-6.0675488
1.0732241,-3.5789974
8.598564,8.100508
6.8178897,0.47956625
18.958424,7.3963246
20.808235,-0.5524742
20.161201,4.0695314
-2.0896063,19.422113
-8.333057,-1.6180729
3.8863356,-4.7635746
7.452981,0.832664
7.900653,10.41932
-5.543197,16.775194
0.9059853,-3.5069108
-2.0971518,19.425188
2.1613262,8.91698
17.288183,9.363071
-0.21416129,-1.1601636
-2.915841,17.56671
0.8574949,-3.4661229
19.02156,-7.0773177
20.366955,-4.8818164
20.400423,-1.7216797
0.805322,-3.4781487
19.486408,-4.4373837
22.359056,-6.523468
16.503983,9.176267
6.3068843,-7.406217
5.4318957,-7.7381873
13.417742,20.754753
6.737135,-6.649488
8.87677,7.302309
19.412384,6.400313
18.34873,-4.022221
6.3634214,0.347374
13.42895,20.740847
-1.942632,19.602697
20.605661,9.00172
17.567389,-3.5350971
11.716618,2.2715406
9.519586,10.152245
17.666948,-4.4327846
21.706505,10.556751
18.326323,-5.860563
9.3574505,7.05597
-2.0856578,19.4303
19.403372,-1.993617
19.613735,-4.5776715
-9.668235,3.3880904
12.610731,11.773846
3.1836145,-4.488577
6.6589637,0.45265245
7.8411746,-0.7708356
3.1205537,1.5062337
-3.0083184,7.2931156
0.64349043,-0.7529919
6.042977,1.7813108
6.7118554,0.50003815
-0.63935906,-3.2161958
20.214373,4.011614
-0.6208346,-3.1711087
-5.814595,15.157824
-3.3592699,7.347547
16.62956,-3.4508278
16.431051,-3.3837378
-0.60882753,20.135946
16.327732,-3.3324864
19.581907,5.4461446
20.418114,-1.2818259
7.989657,0.3371536
18.447296,-2.6554115
-6.266382,12.725295
14.351779,20.152317
-6.8785157,-2.0191863
19.37271,-0.86394364
9.803525,-12.573866
17.615677,4.594369
14.312655,20.166103
19.076721,-7.0153713
17.866192,-4.3683267
19.48675,-1.0234504
7.0342507,0.5948112
18.317,7.2922454
5.4471564,-6.531571
8.294852,8.6556
18.50398,-2.7265623
9.373564,7.066671
17.466312,4.5310435
18.941685,-6.9864902
21.2732,-0.310922
18.782444,-5.846913
9.061157,7.119891
16.680576,-3.5205164
18.328548,7.0078483
20.622156,-5.1915007
11.524581,2.23546
17.629625,9.428788
17.6067,-4.4256124
20.57245,-0.91096354
-0.61398673,20.135666
-7.723097,-1.5675441
20.64749,-0.710862
6.8385787,-6.963942
8.924256,7.233617
18.956459,-4.891328
6.341192,-7.627134
-5.571515,16.771355
19.453468,-4.2983375
7.34363,8.886987
17.081533,4.644439
6.2428117,18.220745
15.184964,20.674404
20.6108,8.9960985
19.702873,5.078679
-0.6152412,20.13187
-8.365705,-1.6308292
-0.61991185,-3.1820357
9.461963,10.18677
22.36348,-6.526114
-8.2598,11.125689
-0.7203774,-2.9479482
0.06915412,-3.3289633
7.2682056,8.955559
-5.462094,16.911772
8.649415,8.05604
21.585102,-6.060353
19.379711,6.227602
21.337416,-5.8128557
8.621957,8.086029
4.329003,-5.190306
-0.61620355,20.132668
21.91577,10.34647
9.37607,7.05799
9.548292,10.213663
16.396055,9.051218
18.802261,-6.819448
17.658037,-3.6558845
7.755243,10.109216
-8.426891,-1.641014
-0.1213627,-1.0485506
18.729609,-5.9355288
-7.8276067,-1.5687644
4.2594233,-5.169057
1.0757103,-3.5690708
-6.2473326,12.743078
-6.2112927,12.775487
20.719484,9.212834
-6.248198,12.740752
-6.8851266,-2.014446
-5.2979016,17.321272
8.327626,0.15287891
20.540869,8.92008
-6.2171974,12.790186
19.217651,-6.233289
20.007656,2.4549422
20.107527,4.3451924
-2.3496444,19.220606
6.5270953,-6.346589
17.489532,9.410285
12.029325,2.6174505
21.67269,-6.0718184
-3.1605387,7.3680615
12.047797,2.6364193
17.091005,4.664865
0.8804247,-3.469128
19.466894,-0.9894507
-6.2351427,12.739258
19.223433,7.361489
19.169981,-4.3444514
4.328864,-5.227086
21.316317,-0.27128735
17.834373,8.980754
14.377559,20.18727
18.345995,-5.8813906
18.339556,7.0599117
19.184433,-4.619328
16.66343,-3.5064585
19.457392,6.215506
6.0623813,17.475483
-8.947731,-1.6181802
-5.565861,16.80911
-8.413984,-1.6398561
9.800093,-12.64339
9.958003,-12.185255
1.0416884,-3.5723348
-5.304148,17.32133
17.630138,-4.449796
14.489964,20.135302
16.266441,9.3321705
2.1642725,8.921079
8.616044,8.107167
3.673717,-4.6003456
5.829496,-7.4236217
16.78853,8.784086
-7.6191597,-1.5875263
18.836994,7.2143054
12.559459,11.834763
20.032885,2.6341195
-2.3609157,19.242764
8.4855175,8.203857
13.602642,20.759893
-6.3949375,-5.363657
-2.9941537,18.991543
6.077888,17.492432
18.97734,7.3966713
16.358341,9.576131
17.92582,8.88154
20.48763,-1.714388
5.222909,-7.746639
21.659405,-6.0541415
12.236087,14.224501
-5.4500856,16.977724
17.493925,4.534261
21.141327,-0.35777447
6.3636384,-7.0413475
-4.7269764,19.957956
7.793535,-0.4472421
-0.60365194,20.154375
12.236429,14.1961775
16.49862,-3.415087
16.874365,4.5466375
20.167625,3.380587
18.635464,6.806289
4.405623,-5.325945
16.284489,9.550197
12.232908,14.450759
-5.5772095,16.810421
9.116277,7.06881
-5.444106,16.982754
21.151016,-5.6459956
-8.444923,-1.6410468
7.272574,8.950948
8.12275,8.532579
18.735739,-6.746521
5.226169,-7.7466154
6.1118064,-7.579052
-0.6079999,-3.2619486
-6.2239633,12.721544
-1.0709934,-3.0172322
5.237543,-7.708798
12.598919,11.786527
21.18952,9.887275
21.607346,-6.0503454
19.440155,6.3652825
6.098465,17.39171
9.39658,10.2228985
-6.1962757,12.8345175
16.562708,-3.4625502
7.2790475,8.937179
6.8793917,0.5422966
6.8681684,0.5340043
6.5051327,-7.4285746
19.559298,6.1324167
8.600231,8.111327
8.396722,0.28982392
12.101075,12.608095
-4.032005,-8.456632
9.25233,10.18745
3.2050738,1.4129577
6.01405,1.8287535
5.223791,-7.707062
18.979328,-4.9936
11.531075,2.2544768
4.328647,-5.162543
18.531103,-2.7568612
7.12603,0.77383345
-8.331864,-1.6273633
20.469147,4.018365
16.328835,-3.3322132
2.151286,8.906124
17.485163,4.5243707
3.720232,-4.6204147
21.400263,-0.18850394
18.862751,6.632772
0.99097675,-3.58724
-6.199894,12.692644
9.147664,6.9733257
20.456577,4.024834
21.874992,10.33643
1.578504,-1.0076425
20.861826,-0.5309127
5.2474236,-6.355508
19.556984,-4.7855034
19.439585,-4.3808146
19.086697,7.286338
19.825354,4.8746505
8.33506,0.1121851
18.976025,-5.02547
-7.7054653,-1.5775263
8.885554,7.2874513
10.0005045,-12.14235
-6.891818,-2.0070508
17.64098,9.449745
-5.584067,16.80977
-9.702758,3.4769342
15.190936,20.66517
16.803198,-3.6076372
18.80447,-6.557075
16.429249,9.097129
6.2610664,18.24299
20.174763,3.3653522
6.7494683,0.5674723
16.440645,-3.393297
16.156559,9.535129
17.667501,7.297295
19.580133,-4.513861
20.091017,4.374534
-6.247227,12.82727
20.448938,-1.6929357
12.201832,14.542344
7.7788587,-1.1854213
7.7377048,10.108808
8.447264,0.3067845
5.309187,-6.4110045
2.24066,9.079601
18.612139,-3.420346
16.236507,9.403746
19.296339,-0.75505286
11.391904,2.104989
2.2433352,9.069955
18.367065,-4.5141654
21.315716,-0.26652485
9.412096,10.160136
18.82657,-5.8211503
8.789402,7.6376386
2.26401,9.060645
-5.5767574,16.802305
7.737098,0.4820128
4.6924186,-5.9745255
18.898384,7.434661
18.719042,7.3825464
-2.8514743,7.137671
12.0291815,2.6135058
7.2579904,0.7455896
-9.660805,3.4382782
20.969738,9.678534
18.288353,-5.837852
-8.111909,-1.5862521
19.327911,6.6064587
3.6875653,-4.6036897
6.4341693,-7.7168317
-0.59855694,20.161379
6.7349577,-7.0325084
17.182396,9.044023
-2.347195,19.25918
4.7068334,-5.95359
-3.3783698,7.3264318
5.956648,-6.4326735
-5.582332,16.81726
0.84591514,-1.695567
20.293919,3.8258188
7.041341,0.8623938
7.8253436,-0.80068505
0.91592914,-3.5175278
8.52159,10.045534
6.1263237,0.3187659
2.1392753,9.504178
3.7894473,-4.6781588
7.705028,1.0085737
7.222569,8.988448
6.7528415,0.55131316
-0.6426058,-3.2194018
-0.63841224,-3.1368444
7.2310057,9.003495
7.6094766,9.73489
2.5630658,8.930673
16.86349,9.54939
18.774866,-6.72743
9.788224,-12.764595
20.188347,4.036292
1.5389925,-1.0731907
4.3192816,-5.221477
19.720499,5.0481668
19.077671,7.3818946
5.9902806,0.5251494
13.345833,20.780424
16.325682,-3.3301756
14.506829,20.202055
17.444609,4.455175
1.0318211,-0.84981835
-6.1953187,12.673105
12.056502,12.599457
8.6151285,8.094895
13.441522,20.71359
21.405579,10.136022
18.874357,7.4075675
9.793303,-12.751898
18.948557,-4.869259
22.368982,-6.5310154
8.340042,0.18972644
6.080887,17.429546
0.60216373,-1.2038325
8.6916685,8.012938
-6.211372,12.761908
2.2073212,9.539435
19.01524,-7.0208497
20.483065,8.857316
17.83671,9.165951
8.918274,10.115908
-0.59057015,-3.2833703
-0.59215516,20.172758
6.1199265,17.262774
0.7974952,-1.6543356
20.029158,2.4578466
21.60664,-6.057502
19.346405,6.006131
6.073386,17.349108
16.13734,9.541253
-5.8322334,15.066612
2.288839,9.079453
7.6506586,9.762845
19.275015,-0.7281649
6.0883484,17.333559
16.239916,9.294624
19.18576,-4.852176
17.624601,-3.5833614
8.668447,8.035386
20.783699,9.431612
18.607685,6.9362726
-8.259874,11.125035
18.171228,7.152734
4.3650203,-5.2723413
19.534737,6.171305
12.236443,14.205631
8.614524,8.077155
0.7817199,-1.6895304
6.0833297,17.380287
16.69594,9.263879
-0.58814496,20.179602
6.6014795,1.1490293
21.508556,-5.868821
16.690424,8.832085
-0.93396115,-2.962345
-0.97192156,-3.0815246
-5.590599,16.797985
-5.5998464,16.835861
7.245956,0.54328704
-6.168469,12.700009
16.712473,9.474607
12.184595,14.506797
-2.3692753,19.248684
-6.864438,-2.030045
14.4962225,20.123354
2.329813,9.609753
0.09365077,-0.7309455
17.666744,-3.5784197
2.016619,9.436407
6.0174046,-7.4406037
2.641599,8.924892
19.999588,2.359987
6.0992117,-7.5425086
-0.116175145,-1.029485
8.105939,-0.18463524
2.2541177,9.596406
7.272958,0.64393014
18.882769,7.2026677
-8.3597975,-1.636396
18.559248,-2.7742589
5.264725,-6.364609
20.694746,9.134323
3.3042665,-4.512289
-1.0815566,-3.0225594
20.77342,9.420457
5.9574122,1.6724548
6.4090066,-7.7906833
6.150542,17.197361
3.2241116,-4.4999647
17.683458,9.399605
-6.8649487,-2.030279
-1.556979,16.270048
17.29176,9.55505
18.875973,7.3595757
18.611855,-3.719619
8.884451,7.4056654
20.446245,-1.3093776
12.225013,14.418882
14.509213,20.131123
18.880053,7.4788733
-0.3438679,-1.4398338
8.606564,8.0907955
20.907097,-0.5431454
0.7467579,11.517098
21.450808,10.172227
13.629333,20.760271
17.757214,9.359804
16.736013,8.962987
8.509967,10.220604
5.5777674,-6.610656
17.651054,-3.5790136
16.880774,9.5618
-0.5867896,20.18025
16.55671,8.734681
19.550854,6.020498
16.509699,-3.4247322
2.2855322,9.596958
11.433098,2.121081
16.358196,9.136972
9.187799,7.08186
21.562105,10.297619
8.838041,9.9962435
11.987744,2.5772362
-6.1819124,12.640363
-0.67987156,20.120516
0.79419214,-1.615722
-3.0092323,18.974468
5.927971,1.1134437
17.169899,9.044491
-2.8801684,7.15858
-5.439631,17.076925
16.4551,9.546342
16.658655,-3.4400585
-8.260054,11.12399
7.832586,-0.76316184
18.2186,7.127273
0.301435,-1.1226741
1.5758824,-1.0039426
0.100169,-1.0674169
16.608494,8.615997
9.056048,7.1140213
-9.710848,3.4607115
7.071749,0.65646964
-0.58828783,20.182795
19.659693,5.1591377
7.08828,0.65814865
20.183535,4.0341
19.47017,-4.655052
19.235975,-6.6243963
-0.6554134,-3.1519785
18.259172,-4.448682
-7.667764,-1.5819557
12.182141,14.583042
5.1467514,-7.4872036
3.704175,-4.615305
16.123428,9.300598
16.58332,8.715379
-5.5830708,16.829142
-6.917845,-1.9911028
20.481544,4.018135
-2.3383007,19.258457
16.340128,9.55997
2.0640614,9.371732
18.845879,6.6356587
21.152987,9.8451
5.8053503,-6.510583
-0.14221948,-0.9869409
17.428953,-3.5319614
-8.120934,-1.5883477
19.479414,5.988867
2.6521568,8.924593
8.665617,8.046474
4.3199177,-5.2224627
-0.58964074,20.177534
19.46143,-0.977176
0.34757155,-1.0510075
-1.0712496,-3.0189955
19.061918,7.3568444
17.795599,-3.5619202
0.9916229,-3.5723717
16.37788,9.578718
7.8525543,-0.7267092
9.550097,10.204208
12.197514,13.602599
16.825949,-3.5998957
14.51232,20.206081
11.79271,2.359765
21.507421,10.271751
8.216997,8.463386
1.5851696,-1.1257657
16.257225,9.391536
16.336058,9.178648
19.383059,6.013817
21.427263,10.151348
17.063478,9.030704
2.3111658,9.63954
5.9263415,-6.501743
14.520613,20.220844
8.03521,10.396651
17.528645,4.5441685
-8.946898,-1.6171708
16.597437,8.654783
5.431198,-6.529786
7.1088495,0.4524905
11.556655,2.2739244
-5.8319187,15.040912
-5.5740914,16.83126
6.266977,18.251377
14.308794,20.63467
9.963227,-12.202113
9.35282,7.037659
16.344675,9.461441
8.995284,10.035909
12.266333,13.102638
17.094015,4.628396
21.333742,-0.25897712
19.443144,-0.96807075
8.662019,8.040896
19.093348,7.352911
14.474897,20.105635
-5.2835736,17.420301
7.824827,0.9369872
-0.6448034,-3.236076
17.731764,7.3567543
-8.344437,-1.6301899
5.416881,-6.796066
18.360823,-3.835114
5.833107,1.1391959
-6.8833995,-2.013075
16.50745,8.733632
16.459936,9.695133
-0.56708264,20.208033
20.158056,3.2865946
-1.0628656,-3.0198474
2.6642377,8.909131
20.176188,4.061406
20.435818,-1.4676642
18.858185,-6.500401
0.80715054,-1.7181247
16.532581,8.72748
20.250952,-1.1273688
7.5924563,10.276585
-5.832133,15.046776
0.8690493,-3.4863381
8.312033,0.13136345
17.734674,7.337118
7.006615,0.4359213
8.53299,10.233059
-5.8302317,15.020993
6.1189713,17.192259
2.4277387,9.114356
6.140594,17.197401
0.98275775,-3.6065083
6.2653146,18.244791
-5.8331227,15.027785
-8.388162,-1.639871
16.357485,9.604492
-9.671703,3.394728
17.592785,9.069178
2.1750703,9.46859
20.118574,3.1994207
8.252401,8.441863
19.44418,-4.354194
5.9325094,1.147908
20.972078,-0.47949418
-7.6267347,-1.6097586
-0.10833016,-1.029093
19.563429,6.1195164
14.517903,20.159086
7.265122,8.957623
-5.835676,15.013655
4.76452,-5.8650727
7.851577,10.430822
16.518656,9.067608
-6.1183553,12.404477
-6.853889,-2.0415332
9.793951,-12.75005
13.596542,20.777092
0.06847173,-3.3392675
-6.0971394,12.327384
7.6022215,10.286909
-7.6482563,-1.5825081
20.20786,3.789334
18.246565,7.1277423
11.486109,2.0771334
-6.8735957,-2.021362
7.0707307,0.8644078
16.715755,-3.50167
11.983327,2.5691612
3.6264627,-4.5928273
14.503919,20.122057
19.580254,5.9717894
-0.6640868,-3.1192527
8.93464,10.026716
19.566938,6.0128393
0.96581167,-3.5505698
19.491055,-1.0486169
1.1789533,-0.8456529
9.46286,10.185849
7.6987457,-1.2934605
20.16999,4.08599
20.651539,-5.2587295
2.3775115,9.598974
-5.3028207,17.490316
-2.8487508,7.0981793
-7.738818,-1.5698851
0.07188904,-3.3367255
21.338726,-6.082504
6.6952667,0.5433793
4.7307377,-5.9838004
8.932514,10.116843
-6.104236,12.334015
8.538315,10.222587
4.6798277,-6.031209
21.223244,9.921954
0.6839142,-1.5927637
19.57465,-4.8194275
-0.48622388,20.380419
5.95765,1.1773508
17.599379,-4.4511905
-5.301693,17.499052
20.508837,3.99792
12.433713,11.995994
4.6534476,-6.053448
7.775675,-0.98102283
2.6599174,8.891764
-7.6237493,-1.5696632
-5.408303,17.283373
16.429981,9.493813
6.009275,1.8097554
6.1242313,17.333733
14.404017,20.139812
5.212359,-7.710973
21.15062,-0.40699548
-6.0966063,12.318686
19.469866,-0.9856161
2.686439,9.138354
16.580015,9.353109
12.090689,12.597928
16.369087,9.632801
16.94084,9.662233
4.337843,-5.252619
19.284788,-0.737527
7.584444,10.285736
12.031962,2.6274717
4.413023,-5.3371367
-8.260069,11.122672
18.112074,7.295862
7.937274,10.0637245
-2.380906,19.275366
-0.48655212,20.374895
-0.6051701,-3.1605084
17.646872,9.332942
17.905056,-4.3011346
-0.6272638,-3.1386812
12.520762,11.884078
-5.830508,15.013237
0.7478044,11.523342
16.373743,9.518752
0.7456954,-0.6960437
8.92902,7.3063607
1.0223844,-3.5737154
-3.62453,6.9180055
-1.9194815,19.64084
4.730221,-5.978292
-3.6237788,6.9156075
19.683125,-4.8831
19.538353,-4.7601075
8.36448,0.22939624
-2.118866,19.502438
-8.9121275,-1.6488646
20.442959,4.013571
2.4805908,10.195041
8.984744,7.237714
8.957365,7.2288413
0.76387364,11.535484
19.582623,6.086504
6.2715564,18.257624
11.473468,2.2008543
-7.691212,-1.5783345
4.2944956,-5.187045
-1.0599678,-3.0225286
-5.303824,17.499132
-6.851604,-2.0443354
-8.9344225,-1.6175663
8.079995,0.37612242
16.87123,4.5419593
1.4012234,-1.19739
21.070627,9.738469
-2.8401222,7.07651
0.89849555,-2.31415
21.300268,-5.9136767
21.32428,-0.27158213
6.4260154,-7.7798076
18.335543,7.681789
16.614332,-3.4211187
21.436468,-5.842263
2.3787513,9.623086
-3.6353376,6.906797
7.5972056,9.706191
5.227726,-7.7423263
-6.0826697,12.263091
2.397741,9.6277275
18.135984,7.1410794
5.464085,-6.6425104
18.891277,7.476254
11.453044,2.1825902
-6.1222553,12.410587
4.62975,-5.700067
2.4914036,10.209396
7.090279,0.5380094
2.8229177,9.116712
8.464701,0.31150347
18.249287,6.989109
17.672016,-3.580185
0.7657766,11.540156
8.419263,8.275357
-3.627812,6.899268
19.416954,-0.94267106
8.310229,8.37971
18.256884,7.06669
3.2117066,-4.495994
-5.294545,17.584948
20.058527,2.6387045
-5.831581,14.970715
11.924216,2.4878955
19.343746,6.0937533
12.432083,11.992482
18.742147,-4.7842755
19.103922,-7.0741076
2.884068,9.106734
19.214645,-6.2239594
18.278095,7.020528
19.139296,-7.1012673
-5.355933,17.588171
18.268936,-5.8163047
12.429618,12.016141
16.799355,9.733069
17.280266,9.1637745
16.022453,9.6196575
19.130178,-4.5243955
0.75548786,-1.447224
6.0242844,-7.5861626
4.8396373,-5.8811784
8.195019,8.485237
19.41161,-0.9035178
6.6953983,-6.710402
-5.3703756,17.616558
12.401672,12.046453
18.328861,-5.8419333
6.161997,17.22523
8.191978,0.16141388
6.1112475,17.299644
17.3134,9.371148
18.486204,-2.6963694
19.313889,-0.77562547
6.9919577,0.63836074
-8.396998,-1.6387988
-2.8407657,7.066543
4.302306,-5.203895
-1.94567,19.622032
6.263159,-7.3306303
20.186031,4.0190735
6.11795,17.209394
17.762005,7.2298784
2.3034956,9.351701
-5.3545737,17.627504
2.0146415,9.447355
18.370674,7.052523
7.589074,10.272271
-6.077762,12.243323
7.7503066,10.108068
6.4095454,-7.7965984
7.409679,8.88119
5.8193874,-6.524589
17.090078,9.640265
19.529255,6.203348
-2.153965,19.494144
0.7159828,-1.5218608
21.003292,-0.5051953
20.173855,4.064331
14.511493,20.211458
21.894262,10.347521
20.099876,2.8792639
2.7042,8.93158
-2.9588883,7.2572117
8.289077,0.09133815
8.1989975,8.478713
9.058771,7.106131
9.487162,10.19447
18.491867,7.204491
-9.6867695,3.4710903
4.321216,-5.2232122
21.875183,10.357341
-2.874037,19.135546
12.046005,2.6294436
20.097889,4.350491
19.309988,6.6470923
22.370565,-6.533984
9.816684,-12.779041
17.89884,-4.2166834
16.489248,-3.4194634
-6.0614514,12.206209
9.000308,7.1797366
6.4941826,-7.7688093
2.4919586,10.208312
9.008111,10.042511
6.130201,17.310514
-8.975027,-1.5995603
-4.0232162,-8.465384
17.849045,9.025611
7.8553495,-0.7150582
2.4145164,9.650524
18.980602,-5.1077595
11.5166855,2.2431288
-9.677583,3.382782
1.9159758,9.552493
9.066072,7.1222954
13.353744,20.819853
8.535988,10.227754
7.463097,0.8469597
7.224661,9.014999
13.3516245,20.818453
9.269815,10.183934
4.8646984,-6.02456
-2.9117804,19.10218
12.181113,12.486993
-0.9824336,-3.0701566
19.94122,-4.67737
7.594375,10.268378
8.617047,8.0602455
19.49775,-1.0501384
9.554562,10.213644
0.79573286,-1.7094836
20.467276,-4.98662
-0.45232314,20.440453
-2.4837148,19.30969
-2.8895855,19.118406
17.215067,9.341279
21.683586,10.503863
18.825546,-6.5440574
3.964715,-4.828797
18.249113,7.107247
14.514954,20.148722
-2.9109821,19.105915
-1.937494,19.63747
-9.689762,3.459955
18.75256,7.2390785
-0.11101625,-0.98648196
3.2077472,1.4071372
0.9690312,-3.5641491
19.441257,-0.9703501
19.104586,-7.10994
-5.341016,17.70215
2.4960995,10.225799
20.617128,3.8563247
-5.3668594,17.914515
20.691555,3.8970742
21.44739,-0.14643835
-3.0140085,7.298112
6.910441,0.559945
-5.3475523,17.687737
21.432917,10.161851
3.1576529,1.4639096
-6.3945675,-5.3642797
7.84615,10.435393
17.804073,8.9983635
18.90511,7.381826
2.4177022,9.652675
-2.844579,19.166702
16.153006,9.521768
6.24491,-6.37193
8.285378,0.078900196
-5.3016987,17.639164
17.678581,9.418439
8.94757,10.139336
2.4121697,9.610813
20.114904,3.2298038
-2.8695824,19.143158
20.736517,-5.291596
7.4483094,8.841637
8.097916,-0.1885789
-6.0607066,12.176952
16.559677,9.386919
19.30078,6.66529
-5.369486,17.92562
11.615203,2.2977033
17.606367,-3.5675285
-8.261516,11.1188345
18.82028,-5.8318353
0.77540565,-1.5908853
21.815008,10.326251
20.518883,8.893128
19.180693,7.6158714
14.539394,20.22531
-2.8440964,19.16832
9.013227,7.149303
7.1844416,0.5511621
-3.1584923,7.35602
2.4429524,9.647256
14.30494,20.69123
5.1965604,-7.677592
8.5888195,8.11915
-6.0445194,12.158908
20.487837,3.9934042
2.7462385,8.929448
21.552578,10.329322
9.11179,7.0876293
-0.38507354,20.582443
-6.0732203,12.247729
1.0289766,-3.5684338
-5.3684087,17.918549
7.8628273,-0.72461826
9.142808,7.053091
6.6181226,0.9340491
18.752546,6.7502317
2.4407928,9.675149
-5.8165426,14.898517
-4.02446,-8.464199
19.002457,7.3391047
18.734629,-5.7783732
-0.6513598,-3.1399267
17.070868,4.554818
18.134275,7.301503
-9.667623,3.4364452
19.575262,5.5389867
14.533692,20.167658
8.160301,0.11938928
8.865339,10.084685
-0.37975138,20.592018
20.043356,2.43518
2.4552956,9.670493
9.094668,7.07856
-2.8335469,7.049405
8.405155,0.29569358
6.721747,0.62363446
7.256708,8.974169
-2.989762,7.283273
-5.335763,17.697031
21.034752,-0.48668808
-2.1703496,19.511265
8.116369,0.36601424
17.066244,9.6215
6.175932,17.204285
0.3066238,-1.1005266
2.4705927,9.588642
22.380615,-6.544194
1.5432193,-1.076046
18.565075,-2.8060544
8.718213,7.732395
-6.904098,-1.9944843
11.471485,2.2059376
5.8387575,1.1831493
8.528818,8.173891
8.275674,8.553803
14.860173,20.536306
0.75416535,11.534249
-8.942047,-1.616503
-5.3648577,17.928003
8.104619,0.32242733
21.197086,-0.32314262
12.225856,14.594839
16.550367,8.70093
14.535836,20.159067
3.2889624,1.3088195
17.816132,8.998161
6.169018,17.145678
-2.1897595,19.532328
2.8645167,9.16289
6.64113,1.164235
21.19498,9.899145
18.791756,6.751249
19.52937,-1.0049354
8.939366,7.3610744
11.996742,2.5669115
2.8102636,9.16456
7.0548496,0.49719393
0.75885075,-3.4592564
6.78582,-6.580928
4.7252707,-5.9886456
9.152759,7.0671043
7.2211494,9.015413
-0.74426806,-2.9870095
18.371344,-3.8346884
12.19677,13.583025
9.142356,7.0707774
2.8436506,9.174863
12.501843,11.9117155
17.567783,9.442618
6.1867437,17.197187
8.313687,0.1114267
-2.8476093,19.160664
-3.6545148,6.8742404
18.835947,-5.84765
9.449257,10.169745
5.8355384,-7.4019437
4.363454,-5.2690663
12.196037,12.505959
7.728422,10.097079
8.549584,10.22692
0.8647832,-3.4735653
8.210798,0.09883492
16.480158,8.781558
9.428921,10.163483
8.104237,-0.18616274
19.400507,-4.5357428
8.389624,0.37249658
2.8525038,9.072202
5.985392,-7.5366797
20.184479,3.4985197
17.087652,4.6474714
-9.671051,3.4723926
-1.0567911,-3.027978
19.422085,-0.960798
19.334734,6.0206685
19.269997,-0.72593415
7.839893,-0.7809969
19.68559,5.1090198
9.127524,7.0798287
-2.2098148,19.499392
17.632504,-4.457005
16.347614,-3.346302
2.8759558,9.087846
16.653893,9.626435
18.31272,6.9944406
8.22425,8.464234
8.231531,8.453029
2.343001,9.219883
8.617414,8.088478
7.782993,-1.119324
-9.642906,3.4864273
7.9693704,0.3633611
6.3223286,17.800858
16.571331,8.699232
18.225487,7.159767
2.087942,9.383125
0.7900738,11.572826
6.1671023,0.423329
-5.313211,17.741362
12.108566,12.684844
6.9772615,0.47255597
18.675344,-4.2517986
17.187902,9.14067
21.846176,10.36425
-0.991276,-3.0642517
7.7723546,-1.1524162
8.303457,10.080816
-8.271588,11.107114
8.792602,10.002965
-2.5406995,19.297943
-0.62190384,-3.1626432
2.8553991,9.136339
2.8589532,9.161687
19.376045,-4.436747
19.42695,-0.94261414
-5.815201,14.91091
9.1040325,7.066591
16.32842,9.580333
-0.39117223,20.578394
6.207314,17.180315
19.584906,-4.553219
20.043707,2.4831085
19.418829,-2.0600965
7.7256365,10.078728
-1.9119582,19.660576
-1.9346873,19.643183
1.0787427,-3.583184
2.8596666,9.065563
18.305008,-5.8401723
-7.769583,-1.5428203
11.708053,2.2916622
14.540318,20.14894
16.983603,9.421001
-5.32971,17.99739
17.237043,9.570504
3.7053213,-4.615418
17.06488,4.6678376
8.301636,0.10366259
6.877009,0.50681657
2.8588567,9.071837
-0.3787204,20.59327
21.098192,-0.44503385
2.3295255,9.295353
16.54894,-3.447749
20.98451,-0.51978934
-5.3019776,18.045607
-2.8273969,7.011183
18.594946,-5.918049
-1.9141026,19.66542
17.111385,9.633592
18.207628,-4.380132
20.175957,3.5526922
8.533126,8.165652
-0.34765843,-1.4288905
11.446887,1.99604
-8.272581,11.104696
7.842051,10.437411
-0.6666069,-3.132338
9.36002,7.054076
2.041872,9.44178
7.022756,0.8592002
-8.264309,11.115102
-0.92680776,-2.9303555
1.4600687,-0.9691767
2.5090044,9.620339
12.063103,2.6359682
-2.8319998,7.025838
12.449217,11.9750395
1.496469,-0.9353511
17.41107,9.555386
19.050009,7.3403354
-8.264541,11.114911
20.884495,-0.53686935
-0.33830714,20.659115
4.3182316,-5.226913
6.1675205,17.130877
8.515229,10.235099
18.276962,7.3210416
5.1454167,-7.4915805
21.676958,10.527722
5.909727,-6.452048
3.1851068,1.4337459
6.1329956,0.24275817
5.4596357,-6.648641
-6.0075207,12.059643
18.15591,7.1310506
21.291245,-0.2992653
4.6550875,-6.048157
-5.328496,18.006546
7.7607822,10.120524
18.252872,7.126012
18.327492,7.1690536
2.0234847,9.454247
16.607563,8.885139
6.2823987,18.253447
16.342405,9.514754
7.964047,10.4417
20.408155,-1.7528605
-3.6484003,6.864828
0.96248573,-2.1518824
-6.020002,12.082818
6.2418084,18.222809
-2.8138618,19.197868
4.7325907,-5.9897113
8.326739,0.15222391
7.8574224,10.43743
16.699104,9.669546
4.3677187,-5.2726316
16.370008,9.587269
-5.2809057,17.968735
16.33812,9.239541
-0.018821454,-1.0849935
17.053677,4.683336
-8.261414,11.115978
6.1330605,17.309002
6.2822347,18.246096
18.458454,-2.6785502
-3.6484857,6.86269
19.093407,7.337788
19.027582,7.363191
4.303858,-5.202173
14.349891,20.162224
17.908192,-4.3784213
11.400571,2.1226532
19.574467,6.073068
19.730255,2.6523044
-5.3069,18.025042
11.912008,2.446259
7.8502884,10.4505005
1.9282093,9.543897
-3.1400754,7.358443
6.2442245,18.221842
9.126187,7.081064
7.8942204,10.081329
5.9618754,-6.5211735
1.5216049,-1.1089265
6.6631627,1.3165692
8.459152,8.230851
5.9580564,1.102876
7.4288373,8.846897
-5.338402,18.002657
7.35123,0.52313244
21.610916,10.554786
16.5967,8.680738
20.226063,4.2855988
0.7584012,-1.5557281
18.403208,-2.7255507
11.83966,2.408692
14.344645,20.63477
16.550253,8.742499
19.082104,7.408752
0.76586294,11.546696
-2.8768263,19.149754
19.20204,-6.2593827
21.678978,10.539158
-5.3152976,18.016922
2.5355015,9.678224
5.184591,-7.4762616
6.664178,1.2914604
6.1827593,17.136837
9.799821,-12.60014
21.637177,10.579064
5.828153,-7.6376286
12.099237,12.590914
19.71786,2.6973815
17.769468,9.000601
17.464556,-3.5376263
-6.001757,12.052657
6.8804455,0.42101315
6.533831,-6.33555
-5.1147075,18.201834
7.1081886,1.1180799
11.498764,2.212174
18.549417,-2.7741718
6.242635,18.21959
21.574371,10.399163
4.3397408,-5.249898
7.0942287,0.7630987
4.614341,-5.677407
8.589161,10.218622
21.340353,-0.25089306
-6.018747,12.098611
11.512538,2.2172456
6.4782877,-7.7038107
8.598464,8.116018
6.4297147,-7.714699
-9.672334,3.4734643
19.045008,7.342105
7.0756807,1.1424867
12.196318,14.566921
-5.790446,14.824858
0.7782213,11.562608
-0.7087713,-3.134498
8.054469,0.34827384
-5.7966814,14.846661
20.784344,9.435807
20.192373,4.057637
-0.35590747,20.642109
14.48917,20.477917
7.7392006,-1.1650983
5.846374,-7.5879226
18.952202,7.502217
2.512485,9.664967
18.090847,7.268051
6.439704,-7.6922235
14.546879,20.243143
0.78307366,11.562428
0.60840875,-1.563979
1.4852533,-0.9496763
3.9766116,-4.8250594
2.9046893,9.122601
18.623358,7.326029
6.7311697,0.54054385
7.008408,0.79152083
13.349906,20.83798
-9.172624,3.4403298
2.8461406,9.147955
6.8038983,0.6105037
2.5162272,9.6737
20.158403,4.0841656
-2.7965252,19.198479
16.413782,9.4706955
0.07778671,-3.3351939
14.516435,20.279753
9.5465145,10.213766
19.296913,6.67406
7.8299613,0.9458656
-0.22704123,-1.1285253
21.205454,9.907503
19.323957,6.6429696
16.132793,9.291423
17.726923,9.357689
-0.5898477,-3.1262636
19.858858,-4.6430073
7.2115993,0.9993628
-5.243142,18.046297
6.648021,0.9795203
20.06726,3.0503836
-5.3011956,18.036707
6.170459,17.123066
9.130153,7.0684857
2.5455387,10.286095
18.395182,-3.8623428
-5.8046265,14.861644
7.755838,-1.1808041
-0.6430293,-3.076241
-2.1821387,19.51523
5.8699746,1.1860796
19.347809,5.9852753
20.642868,3.8948557
7.5834336,10.320072
6.199216,17.139421
6.28888,18.263918
8.442939,8.245376
2.8906481,9.120492
-5.6512294,11.355516
-0.62860894,-3.2078874
6.206875,17.1141
16.496027,9.094914
1.5287912,-0.979483
12.445843,11.983983
8.827351,10.030682
17.639788,-4.446394
6.185494,0.83876294
-9.684184,3.4284766
8.439279,8.244899
20.513643,8.888638
-5.054353,18.318943
4.653128,-6.0497513
-1.060186,-3.0224912
4.7398996,-6.011003
20.183588,3.6004195
-2.8293474,6.9827223
-5.9939137,12.032292
17.218636,9.616911
-6.0195084,12.098763
0.9105588,-3.539681
-5.9997087,12.072732
6.2522182,17.182766
8.226129,0.11468335
19.239254,-4.156372
20.356047,8.728689
14.531608,20.165575
17.438772,9.543022
6.2929134,18.297634
-0.6614396,-3.1320739
-1.8677467,19.665293
7.829546,10.435334
6.18927,17.22816
20.47648,4.036579
-9.6431265,3.4450064
-5.9957824,12.044142
17.68034,9.394546
9.816359,-12.775045
17.697653,9.405988
5.2162805,-7.7678566
5.8770204,-6.4951077
11.81099,2.5263443
9.019118,10.0347185
-3.6493657,6.8542895
-5.994546,12.04395
6.198799,-7.525411
-5.9606714,12.006236
16.98815,9.674732
-5.0885186,18.269236
2.7812843,8.948918
6.2710323,18.265585
2.6782765,9.546544
18.237415,-2.7639797
18.236193,7.124479
5.871277,1.1758109
-0.24590382,-1.1778085
-5.2738843,18.072273
3.2337613,-4.5023446
2.8803937,9.133381
19.427486,-4.2506886
5.321829,-7.720746
7.7668667,-1.1928257
4.331266,-5.2510514
-0.76369715,-2.915335
20.824148,9.486823
-0.31972954,20.687225
12.609835,11.777107
21.31819,-0.27117163
6.053977,-6.471657
9.799893,-12.702309
17.815145,8.993448
-5.015982,18.380108
-2.618818,19.29649
6.507797,-6.3563085
20.087847,2.9575663
7.036385,0.9634207
7.6415653,10.205857
-0.31139004,20.700607
3.1686804,-4.468948
1.4465736,-0.9147666
-5.0078564,18.389618
5.7993445,-7.3817544
-2.8339152,6.9741006
20.787315,9.436674
-5.783678,14.819712
7.008691,0.8301156
-1.9123273,19.65562
5.8284645,-7.4367194
-2.234839,19.494474
2.5472283,10.297565
11.45341,2.0238392
6.936378,0.6028597
9.447238,10.181166
-2.7614093,19.229136
-6.045725,13.627653
11.786451,2.3505912
8.212684,8.435715
20.641068,9.0633745
-0.3135883,20.701262
-2.2688103,19.51264
8.945425,7.2415557
-2.5930114,19.317587
17.486227,4.530954
-2.7352343,19.247236
3.6843553,-4.607182
17.68541,9.397936
6.293261,-7.612372
7.450551,8.837594
0.06968392,-3.3312793
4.3325906,-5.2891126
2.89495,9.077591
5.22181,-7.7319226
-4.983489,18.420668
16.134663,9.312003
6.2071896,-6.3678975
16.319584,-3.3176978
-0.6778192,-3.0784938
-6.414049,-5.3446364
16.260948,9.187937
-3.6400015,6.840945
20.029758,2.377998
18.287064,-5.8700705
6.369119,-7.687283
7.586401,1.0256996
6.650385,0.88356596
5.4665947,-6.658149
-4.977534,18.434282
17.603497,-3.5768425
-0.02181676,-1.0816495
-2.8430965,6.9256015
8.223805,0.08166293
17.668581,-3.5734713
2.8825018,9.084688
-2.8454998,6.926546
-0.20846535,-1.1076852
-5.2135816,18.151382
-4.985424,18.423014
16.375736,9.129667
20.372171,8.745975
5.1756773,-7.6431766
21.568796,10.38929
5.2347975,-7.7441497
-9.634603,3.5026915
21.48812,10.316249
-0.11219397,-1.0546837
20.817585,9.44833
2.598524,9.035322
-2.7410636,19.236612
0.83009034,-1.7143892
16.459822,-3.3831515
2.8034234,8.97127
19.88977,-4.65533
8.337961,0.099452175
11.719832,2.3150663
7.057649,0.4338666
-9.675065,3.4594245
8.226314,8.46069
7.606724,10.304388
-2.7755265,19.212511
8.353314,0.16788267
6.0933795,0.31607255
20.356146,-4.8768325
21.149326,9.844572
2.8877513,9.173678
-0.30983976,20.70269
9.188644,10.077042
16.405539,-3.367173
-9.678793,3.4283283
6.614104,1.3019432
2.5824807,10.321218
0.15563169,-0.9896906
8.180508,8.4983015
14.502409,20.204185
14.506333,20.165327
6.811225,0.57626635
11.865589,2.4450207
-4.8711452,18.5902
6.086699,0.28751183
16.760178,9.682109
7.622211,1.0362046
-6.398829,-5.3598256
7.6156883,9.7437
3.6564667,-4.598983
12.608822,11.770862
16.279167,9.551834
0.7635198,11.529209
12.424099,12.015881
18.76807,-5.8679457
14.329305,20.68874
-2.7667632,12.531352
11.361375,2.1618004
16.776617,-3.4472833
6.5023994,-6.3038416
1.4282441,-0.8801455
6.311827,18.306755
-2.9051788,6.7269735
6.924874,0.8447936
20.136772,4.3947353
2.8334467,8.983328
20.799143,-0.5949119
6.2942057,17.144949
20.427088,-1.5919698
16.614645,8.639246
8.895927,10.034194
0.7709027,-1.6678517
17.101683,9.303397
13.597122,20.813297
2.9297986,9.535302
7.3620996,8.874286
7.031792,0.96976024
5.4584365,-6.5422425
-5.687533,11.41319
5.219825,-7.379141
11.589654,2.3108563
7.0032034,1.3167454
12.397375,12.076849
8.331769,0.08043544
0.8012676,11.580033
-4.8639956,18.582539
18.388195,-3.8715029
19.390642,-2.0930154
14.550144,20.37566
9.971875,-12.176346
5.1339545,-7.514649
-0.026789645,-1.0767183
7.263738,0.7049245
19.72269,2.6919684
8.450849,10.09286
7.672101,0.9637775
6.0840135,0.32040745
16.694561,8.927377
-0.6216675,-3.124728
9.101381,7.07168
-5.635443,14.585609
5.179395,-7.589016
-5.685562,11.407846
0.8415354,-1.7327082
16.7655,9.702151
8.986749,7.19044
19.123186,-7.0674314
6.696405,0.98149544
16.587738,8.684709
12.590485,11.789421
19.490978,6.2537584
2.9411986,9.286162
-2.611151,19.306484
7.5956445,9.715056
7.2350698,8.988623
1.4911238,-0.9314654
-0.30151632,20.71374
-4.8433557,18.623873
6.761693,0.51664394
0.07385712,-3.3318076
-9.656036,3.4642007
7.104846,1.199172
-4.848254,18.610285
11.472334,2.1934237
5.209639,-7.7211127
0.8164497,-1.6614596
20.031126,2.4637692
6.4504056,-6.2846146
0.8336033,-1.6677125
-5.650679,14.596486
7.7389917,10.104519
0.83522636,11.614825
20.495445,3.997438
9.844732,-12.809256
12.629552,11.751806
16.478495,8.766807
13.606468,20.824379
21.662134,10.599699
6.3290343,17.20645
-4.8459797,18.613445
-9.645085,3.4988856
9.979006,-12.163408
18.834229,7.423223
17.56503,9.468123
-0.30066577,20.71414
5.2280045,-7.7475104
5.8842635,1.2388415
5.9521112,-6.4548087
13.605113,20.81913
21.175219,9.870601
5.7565904,-6.542495
6.371739,17.14482
6.2497,0.33554882
-2.7546263,19.238968
-3.0268087,17.692387
-0.7333616,-2.9656255
3.1017454,1.5267501
18.266386,7.1060767
0.8556589,-1.8768226
6.147498,17.111652
-0.30081722,20.71475
20.47665,-1.7109785
7.9832077,-0.33647755
0.08301207,-0.9187019
2.9329178,9.516909
20.538887,8.916316
-4.7720056,18.714571
5.4603786,-6.5556245
-2.6058328,19.312834
9.813425,-12.668587
7.021249,0.49571642
0.8603325,-3.478282
6.3189883,-7.5537176
21.735144,10.485703
18.07328,7.2901278
-4.7739215,18.716679
-0.30266875,20.712635
16.700798,9.660829
14.555356,20.443726
4.6219263,-5.6949663
4.377226,-5.2996917
16.370333,9.598436
-0.28037664,20.739748
13.336481,20.909378
18.07373,7.3014565
11.831508,2.3979785
6.361198,17.170774
15.195323,20.685553
-2.7650335,12.531857
0.75025207,-1.413244
7.258201,8.966294
2.940676,9.278329
6.3604436,17.681189
-5.6150255,14.545842
0.8209346,-1.6361827
2.9527173,9.554594
8.208137,8.480265
16.722694,-3.4990463
7.2472687,8.968518
19.378641,-0.83435434
6.403493,-7.7844353
8.887609,7.2890954
0.8853805,-1.7362349
-5.6405478,11.338257
0.93323123,-3.5476391
9.003797,7.1648746
1.3958293,-0.83879787
2.5751314,10.33165
3.1740263,-4.484005
20.413588,-1.7475836
17.94755,-4.388502
13.604638,20.846592
-3.6260705,6.749371
0.8524363,-1.7180505
-0.024062179,-1.0733235
13.621069,20.818033
5.97196,-6.4517403
2.9102497,9.5230875
-4.7483525,18.755857
-2.9334693,15.985536
20.38791,-1.71799
20.6754,9.102464
7.76359,-1.1796489
4.399262,-5.338166
6.5968447,-6.404755
18.445557,-3.3754265
-4.6797094,18.826172
-3.1110868,16.015772
19.424911,-4.4103527
-0.15015285,-1.0512556
21.118706,-0.4326759
11.988971,2.5618281
-4.72171,18.7868
6.089723,17.548534
8.080977,0.36352962
5.977411,-6.4606814
6.1633005,-7.589521
8.242577,0.0866344
14.363225,20.637701
21.431164,10.182352
-3.339608,18.408651
5.4311943,-6.6684484
17.735125,9.3646755
3.2119489,-4.4898114
5.995597,-6.495873
0.84888077,-0.7277894
0.7148237,-1.5328597
16.587475,-3.4526806
12.200337,14.572229
14.4855795,20.538813
-2.9040196,6.7031107
2.9374523,9.529697
7.797035,0.9739132
16.731152,9.63172
0.6718289,-1.4868977
2.939659,9.521686
2.290101,9.231518
11.745401,2.3285186
-0.12061981,-1.103724
18.662178,7.256288
6.7225337,0.8195251
2.6385615,9.140996
18.245968,7.109814
19.084816,6.729195
12.519752,11.892662
-5.644777,11.345971
19.274866,-2.4422228
18.437223,-2.6847703
6.862545,0.6057577
7.750467,-1.1700338
11.99345,2.5639997
13.619956,20.844048
5.21518,-7.721426
6.6585836,-6.9156694
1.4337379,-0.8943837
18.86465,7.3773837
-4.7215953,18.781307
-5.6035304,14.535617
0.16797887,-0.82126725
-3.6266508,6.7088504
18.292725,7.299631
6.3840175,17.666672
20.203945,3.5248265
17.76373,9.2749605
18.671333,-3.6904268
3.1651385,-4.4785595
-4.6245985,18.894619
8.567492,8.1348
1.5913962,-1.0389333
20.02896,2.4001112
7.7429824,-1.2171332
6.1489577,-7.569768
18.727535,7.3270426
5.465904,-6.6987734
18.309029,-5.835868
19.344301,-4.2430115
11.444994,2.2052982
19.532555,6.199315
6.207808,18.094046
-0.10390448,-0.9945839
6.418099,-7.78344
-5.6095014,11.306875
17.266376,9.606224
20.055094,3.003941
7.2737465,8.951386
5.8807826,1.1480919
-6.3938365,-5.3650327
-5.6041017,14.524577
-4.5286,18.986795
-2.9079041,6.683311
20.478727,-1.7302761
6.857359,1.2896035
20.177567,4.051163
6.896777,-7.057252
6.068591,-6.4480586
7.3257194,8.906673
6.156554,17.133972
14.540521,20.428928
2.0335798,9.447262
6.1473584,-7.582803
-5.6296554,11.330285
-3.099129,16.029694
19.986227,2.3440251
19.470284,-4.3828874
14.574975,20.170813
14.365001,20.670557
3.290641,1.3051596
-2.925169,7.225044
-4.521446,19.013597
6.53548,-7.2784066
-2.940092,15.972537
6.034026,-6.4527507
5.8162537,-7.392213
5.8628187,-6.5232873
-5.63567,11.337568
6.077753,0.31177473
7.2318563,8.993506
7.1940956,9.036109
-5.604955,14.522166
5.2033715,-7.7003517
6.4484463,-7.6981916
19.315018,6.6284018
-4.554731,19.022768
-2.8968723,6.697331
-5.623132,11.322095
-4.5189548,19.021637
6.948504,1.0412832
20.819328,9.481446
0.09151435,-3.3208761
15.205731,20.685411
6.0446224,-6.5128126
18.504808,-2.7210147
21.716143,10.298346
6.239092,1.1182326
-2.767137,12.530498
-9.673327,3.4926908
19.975441,2.3439007
6.404161,17.18207
16.886786,9.683384
5.5419874,-6.598001
2.9512186,9.580198
20.357582,-4.8820705
9.356955,7.055584
2.9531424,9.555959
19.29221,7.643608
-2.7406018,15.9087
2.8413382,9.017689
17.753569,9.364178
6.4172826,-7.5691633
-4.0284204,-8.4604435
17.668907,9.409941
0.81759536,11.597951
5.7852054,-7.354056
1.5761762,-1.0044634
8.147311,8.527902
20.428123,-1.7201619
6.3865676,17.598845
-5.626412,11.328403
2.5956254,11.553594
0.5689517,-0.7720901
17.681807,9.397191
-4.6657605,18.859873
0.09393394,-3.3257535
8.84009,7.3381014
-2.7649488,12.531696
2.854137,9.019392
-6.3680835,-5.391103
6.2645173,-7.620191
-4.6172757,18.929253
5.8768067,1.2348609
2.6187143,10.391198
21.591612,10.93817
6.428686,-7.4165783
-4.5406537,19.033562
6.3328314,1.2506124
2.383612,9.275604
17.13441,9.623699
8.855501,7.2897043
7.012721,1.2142389
6.389166,-7.709443
-5.6264853,14.495604
17.46792,9.533373
12.463761,11.961403
7.294903,8.927683
3.9016666,-4.657571
-4.5028834,19.035473
17.492731,9.532998
8.063528,8.560989
-3.338564,18.186735
6.5634375,-6.3562346
9.847273,-12.650697
-2.764865,12.531818
20.088697,2.8158584
-3.092713,16.02383
0.26130491,-1.0029863
-2.7218294,15.881584
9.803733,-12.774452
8.093081,8.542966
20.638767,-1.9049954
21.429045,-0.16432409
19.286734,-0.7443902
6.801774,1.0458539
6.05943,-6.451471
-2.9264507,15.98182
6.4556813,17.213335
-2.7650242,12.531702
19.38655,-2.1029267
13.634506,20.889467
-2.9197693,6.665486
20.135891,3.2163944
6.172997,17.497812
9.81636,-12.714277
14.691995,20.46328
-5.602025,14.505891
9.858336,-12.8085575
7.8485503,-0.7619853
6.4623904,-7.433653
6.372204,18.377768
21.138481,9.847098
-0.06489022,-1.0950545
-2.765286,12.531687
9.843344,-12.741046
13.29269,21.13242
14.497684,20.656164
-2.7651262,12.531343
-5.6044188,14.523797
6.1061325,0.2848343
-2.919607,15.969824
2.0902996,9.473374
0.262429,-0.94998235
17.160717,9.052163
2.9263618,11.078594
5.1688056,-7.4632306
-5.5968075,11.290284
2.6778011,10.487463
6.78411,0.79370475
-5.6368504,11.3310175
3.6861167,-4.6003685
8.256395,0.036036655
-5.602892,14.516049
14.946542,20.69476
-9.385334,3.6970007
21.60354,10.9402275
6.0484657,-6.510464
20.504744,8.883326
14.915655,20.755917
14.340328,20.791193
6.4424644,1.259709
-3.6091108,6.6430154
20.643744,3.894263
11.800107,2.3637552
-2.7339315,15.904676
17.249802,9.605856
20.790905,9.443556
0.8491932,-1.4673417
14.859295,20.750517
2.8737335,11.02025
9.983494,-12.174404
18.749094,7.4344025
7.9309053,-0.37941512
-9.4477215,3.6565664
0.9610151,-0.35654706
1.8966972,9.565649
5.971679,1.2006541
1.489812,-0.890371
3.0081854,11.175629
6.8136396,0.79017144
0.19768147,-0.98216504
-9.432604,3.6987898
18.785982,7.4008217
19.137918,7.394888
0.6418365,-0.712565
7.2278986,9.030835
0.7425739,-1.5382868
18.305727,-5.82975
7.0263343,1.346801
16.338068,9.008711
6.440385,-6.30272
19.039143,7.362057
-5.638271,11.329506
14.944657,20.700224
0.08536756,-0.93420374
-5.636496,11.329903
12.220467,14.197424
6.242081,17.419437
-9.284273,3.7731783
6.3686223,-7.331921
-2.9387634,6.615636
6.6725206,0.5736705
6.0784755,-6.5230536
-4.484169,19.0706
6.650931,0.86914355
1.4991443,-0.92403805
7.056733,0.85618484
6.992918,1.2389387
7.0518537,0.869034
19.721033,2.7288892
21.57416,10.915065
6.1077676,-6.400126
16.066568,9.309588
-2.7325218,15.905394
18.275333,7.184992
13.307671,21.188612
20.460258,-1.2608038
-2.9252782,15.986097
-6.393976,-5.3650413
6.5072722,17.258171
18.778334,-5.905096
-9.172811,3.85496
5.18058,-7.6224756
17.014408,9.676539
6.4084716,1.2514482
0.05518349,-0.9252337
-3.0998714,16.028126
7.6405582,1.0594413
16.373512,9.118672
21.75354,10.406075
5.148318,-7.4998503
21.164099,9.866866
17.798079,9.108696
19.197945,-6.2616987
19.706978,2.7022834
14.906749,20.757252
-5.6025686,14.521428
7.0679207,1.223314
19.206818,-6.3534994
16.674597,-3.4388962
14.890511,20.768295
0.77873653,-1.398452
-3.3833354,18.28883
8.305323,0.07290203
9.968393,-12.193089
0.07800176,-0.96023107
1.1149974,11.897386
-4.013078,-8.47441
0.27107602,-0.9535438
2.872054,11.012703
7.045994,1.2770799
6.358196,-7.3485937
16.91467,9.657462
18.478254,-2.6818457
0.54702,-0.76554215
-2.942908,6.6159887
7.031002,1.2213253
21.033905,-0.48877442
2.7026458,10.555315
-3.0934074,16.029167
6.3567634,-7.577598
6.6198025,1.3491921
13.649236,20.92068
11.5452175,2.183514
-9.430299,3.6825294
-4.61967,18.941809
1.1369486,11.930863
6.4594674,17.621223
0.7536967,-1.5867467
-3.3685918,18.27899
7.069256,1.254821
6.172409,0.95544475
2.948979,11.108219
6.557964,18.629807
7.7662034,-1.0889368
0.025612071,-0.9357596
17.301952,9.612325
-3.0957675,16.034798
14.904964,20.765865
20.506607,8.878254
18.79442,7.433396
9.976378,-12.18535
2.8973324,11.054795
20.78841,9.438148
7.6575036,1.0337942
-2.7400856,15.894588
1.1671379,-0.32057357
6.3561764,-7.4018364
6.012903,1.8136194
15.237188,20.73116
6.514695,17.251366
-2.720549,15.908684
13.705376,20.580513
16.872114,4.55006
-3.5739303,6.6020455
-4.52391,19.095167
2.5482635,9.947755
2.7020495,10.583467
0.36135325,-0.8267918
6.558999,1.1687739
6.558937,17.279211
0.083251335,-0.7853876
11.802737,2.3644352
11.451095,2.0265608
2.9369678,11.091807
1.4111068,-0.89063144
-2.7568328,15.91194
6.425485,-6.3487496
1.1452265,11.904823
14.923443,20.732502
6.5078917,17.242525
21.600391,10.86611
-2.9085586,15.988816
-0.0123550985,-0.8535927
-2.906296,6.6841235
-9.3941555,3.7199404
6.6239495,0.9053406
6.4940143,-7.5018773
6.4725256,-7.481532
5.895851,1.2760915
18.80066,-6.032775
6.4043036,-7.578227
-2.8837113,16.006227
2.7293785,10.645262
6.3218307,17.44773
14.316554,20.841503
16.450838,-3.4041674
-0.016040843,-1.0824393
12.193064,13.533863
-4.021658,-8.466781
0.06617709,-0.8744175
-4.9044824,10.799894
21.832577,10.333106
1.1536137,11.936666
-3.0929089,16.054977
21.557184,10.362323
6.6908154,1.3182873
19.707432,2.6942601
2.929891,11.107211
14.923315,20.760448
-2.722048,16.146152
11.463206,2.17727
0.24750447,-1.100614
5.156303,-7.5015254
2.9279475,11.101528
2.924904,11.099994
6.331634,-7.52515
-3.3037283,18.12061
14.894404,20.78059
-6.0326967,13.643656
-4.909878,10.807403
6.7786584,-6.61335
0.73508775,-1.4521891
20.519491,8.894745
6.0557246,0.2825418
-0.515605,4.9248934
6.3605304,-7.071745
10.081231,-12.950064
20.784544,9.440471
-0.08941247,-0.99424165
11.849019,2.4011393
-2.486974,16.09202
6.903793,1.3718851
7.816903,0.97190064
-4.518385,19.38854
14.579575,20.754452
16.51073,9.612919
6.1088185,-6.5969267
1.5562915,-0.97983676
2.7936747,10.9570465
6.4945307,-7.5579443
11.866562,2.4205291
0.26785427,-0.9374175
18.778553,7.3919973
7.0106883,1.2625607
-6.376884,-5.3821335
7.749789,-1.2075918
-3.302671,18.096737
1.5647717,-0.97949475
-2.4774497,16.101368
16.38376,8.98905
-4.5287375,19.371372
-4.5429225,19.345392
-4.8676157,10.768974
-3.0064874,7.2580748
6.4944468,-6.331722
2.933511,11.114707
6.5334606,17.25259
-4.5242963,19.373049
0.08249997,-0.8865274
-3.5973928,6.4188967
15.22199,20.729902
6.7695775,1.549241
-4.0230618,-8.46543
6.235641,-7.474276
1.1269222,-0.16086073
20.504541,3.943878
6.0196276,-6.4812255
6.5088267,-7.6001945
0.7002866,16.543251
1.1377861,-0.17825349
19.592558,-4.8303695
13.29066,21.239656
6.76016,1.5287766
20.013903,2.4542778
-9.096825,3.4482539
21.493567,-0.10246858
6.525967,17.269613
0.6108983,-0.73446786
2.9795372,11.180868
1.2500231,-0.8681274
12.173495,14.604278
3.5342848,0.9525765
-4.5228295,19.398157
-2.501697,16.079016
14.3906145,20.204094
-3.620038,6.4267135
14.883634,20.789186
-4.5080214,19.415728
1.5084442,-0.91586214
6.1673937,-6.664848
0.7087277,16.55011
21.598028,10.937942
-3.2815335,18.067358
6.848377,-7.0691385
-3.2709627,18.033865
18.488497,-2.7050273
3.2137225,1.4004226
18.625748,-2.8380542
-9.443587,3.6782348
-2.481121,16.09689
7.680324,1.0297877
20.443438,4.0129514
0.06287137,-0.8465596
2.9843817,11.165705
20.00828,2.46489
20.4179,-1.6959974
0.23246469,-0.8950253
-0.5290611,4.9384704
19.948814,2.9005282
7.7576795,-1.1973923
6.624258,-6.417732
7.7940927,-1.1567025
2.9381914,11.135896
16.87872,4.5468936
6.441672,-7.641831
-4.5288305,19.49608
-0.5261768,4.9355693
-4.5418344,19.421387
-2.4928427,16.08856
-3.2426844,18.007673
1.1494129,11.952436
6.577049,1.197134
-2.4314551,16.251846
-4.875002,10.771424
2.8743641,11.087923
0.7264589,16.56436
14.586178,20.822123
6.2743587,-7.4415717
20.216099,4.029103
20.613283,8.987517
-0.52258015,4.932006
6.523729,-7.2883925
6.7790422,-6.6329756
14.959879,20.713602
0.0947164,-0.7167672
21.690279,10.672511
-9.158882,3.8665667
0.72862643,16.571312
11.400601,2.0041423
22.085958,-6.3353105
6.5426908,-7.497916
-2.4664571,16.106781
-4.0463285,-8.4422245
9.9444685,-12.242638
6.39939,-7.773816
0.6917953,-0.69986624
20.346024,-1.7272756
6.414403,17.368126
6.4154634,-7.034542
1.1540066,11.969098
0.49897748,-0.8008601
2.962251,11.187757
-2.4655192,16.112541
14.899182,20.78588
13.290418,21.2226
0.71280444,16.553947
2.8856058,11.103104
6.071651,0.27638796
6.0918694,-6.422296
20.806564,9.468565
0.6219666,-0.73808235
21.570967,10.2512045
-9.254303,3.8035314
1.1389049,-0.17315799
-3.0751216,6.2674146
6.756139,1.5265445
21.626034,10.895695
-9.138628,3.8603487
6.762791,1.0458447
12.228196,14.467269
11.462428,1.9875686
6.798843,1.5356703
1.4047483,-0.8414975
-0.5141395,4.92359
6.514195,17.617529
-0.51396817,4.923304
20.681692,-1.9287874
19.950394,2.3463788
13.278715,21.268387
-4.868895,10.773283
3.4724333,1.0460093
-2.4117692,16.241789
2.782628,10.788775
21.610666,10.917915
19.943562,2.3460548
1.5286458,-0.94523513
6.559562,1.1212056
2.9917362,11.212743
1.155091,11.974729
-2.4100075,16.25625
2.9579585,11.194995
6.674893,18.79321
7.7754393,-1.1749552
-3.099186,6.185285
6.450661,-7.648387
0.08616093,-0.67642343
6.476875,-7.267431
6.4922414,-6.3774066
19.239721,-6.6388655
2.8939164,11.14794
21.84997,10.346285
6.68256,18.809563
6.6152415,1.2998676
0.06893583,-0.8217589
3.6891177,-4.5971065
0.7125526,16.554129
7.4320645,17.47749
-4.540026,19.545605
19.736376,2.6642504
2.9776254,11.235799
18.333431,-5.841633
7.726153,-1.2682955
6.430862,-7.7719293
16.90507,4.505432
21.86557,10.328289
-3.1063051,6.1977563
6.8503733,-6.8063483
14.939809,20.857323
6.043536,0.28253794
7.5309896,17.525307
-4.5422587,19.507582
13.742507,21.252226
7.545252,17.53242
19.213642,-6.2292676
-9.146042,3.866922
20.685413,3.9098768
6.8350763,-6.9848695
6.7567606,1.3549057
-3.6204605,6.3738947
20.552258,8.9376745
-2.3990464,16.252733
6.7427053,1.3467734
12.178602,14.57722
6.0221896,0.29078957
2.9778433,11.287776
13.71822,21.220776
-4.5392313,19.50926
3.0640652,11.383129
11.910105,2.4485462
1.4620416,-0.88107437
-3.2065687,17.951298
21.616667,10.90593
-3.2020051,17.934011
6.6451297,0.9988011
19.445534,-2.0809836
21.633432,10.544222
6.5184464,-7.4314656
-2.4520268,16.102808
6.5022817,-7.4696836
18.61978,-2.835122
6.766863,1.2338725
3.1208837,11.704453
10.084276,-12.956357
-2.645259,16.901667
6.927267,1.3839138
14.135787,20.243677
6.700563,18.83495
14.950911,20.881952
6.521936,-7.3349338
6.42397,-6.9960537
1.2166849,-0.37664348
20.759356,9.4227915
7.5721884,17.552711
20.661804,3.9036763
-9.162032,3.8499184
20.70955,-1.9605511
0.36057183,-0.7822551
6.7220397,18.858843
-3.253752,17.975672
3.6831956,-4.550395
-9.6476345,3.4315574
5.8563085,1.2100025
21.837465,10.314773
7.547529,17.528193
0.95188904,-0.8414249
-3.1557033,17.872974
7.6007557,17.612942
-4.820425,10.742216
-3.2717655,17.995905
13.271291,21.298029
1.5228271,-0.9375362
20.424862,-1.7423123
3.1541786,-4.4660163
10.104268,-12.929794
19.70985,2.6427376
1.1188498,12.04148
19.947634,2.358776
-0.45669523,4.8660655
6.7446003,1.5210849
3.0740921,11.793994
-3.136006,6.136172
-9.056282,3.9008083
-3.1348133,6.145997
11.508576,2.006083
6.8093147,-6.9238434
-2.3590317,16.263138
9.944804,-12.222733
0.08195344,-0.6844583
-3.2031643,17.936249
-3.644662,6.320941
3.2866473,11.858865
-3.6211388,6.29366
9.93957,-12.267749
-4.8547506,10.757031
6.716463,1.5568545
14.958335,20.74828
14.224116,21.244783
6.4562483,-6.904954
-3.6448052,6.2995925
6.857059,-6.998497
-9.079122,3.8801408
3.1621616,11.834973
-3.6374593,6.2996902
3.140511,11.808811
6.2162285,-6.5567875
-4.6066394,19.767765
5.895251,1.2663773
6.878704,-6.9517264
20.583294,3.9312336
1.0887382,12.118607
6.106157,1.249306
-4.6384063,19.841911
-2.0848756,16.31396
6.782375,1.5566647
3.9250638,-4.640465
6.3847227,1.4211403
19.495771,-1.035482
7.1869645,0.89944774
3.1641552,11.846078
20.442232,-1.7199731
-4.5756874,10.0630245
21.694557,10.582786
6.797967,1.4836353
-2.1046185,16.33737
20.473394,-1.7368757
0.38025394,-0.85804045
21.621582,10.896386
6.261889,18.250172
0.6918271,16.539185
14.98304,20.994946
3.1906238,11.866436
-4.6950474,19.883333
11.802408,2.3636425
-2.6271334,17.043365
1.0769279,12.129707
6.8447766,-6.94691
13.267374,21.261112
7.0050406,1.2377908
6.746599,18.884731
14.981304,20.978426
14.977635,20.964367
20.22465,4.0299335
-9.0854025,3.8859458
13.260967,21.311123
6.6932406,1.5853003
9.937315,-12.2367935
13.27008,21.305761
-9.10187,3.8780835
14.9700775,20.775219
6.003637,1.2734263
0.7082097,-0.7438291
21.594408,10.885317
-3.6544297,6.4425473
-9.058068,3.8855793
7.726405,-1.2688655
3.3524675,12.023451
19.742601,2.6450791
20.650606,-1.905331
21.84807,10.341807
7.5864415,17.554193
-9.054951,3.8858662
18.725996,-3.7670596
3.1814964,11.856482
-3.6438515,6.295953
7.6021423,17.577766
-4.800518,10.727749
-4.5695796,10.055761
21.60024,10.929475
11.509356,2.040894
12.226178,14.200427
-3.128314,6.124342
5.956923,0.60496414
3.1636236,11.848305
6.5443997,-7.2303047
0.71435803,16.56418
14.980645,20.977608
-4.631738,19.861092
6.520717,-7.450102
3.0971954,11.866292
-2.0521219,16.326252
1.0899044,-0.38247517
-4.661821,19.911854
2.7025065,11.353449
1.4158674,-0.8086762
-3.0251057,17.68903
8.018846,0.35233492
-4.8166194,10.736149
0.70146495,16.551313
-9.061809,3.8847914
-4.58598,10.081164
5.9101963,1.2839178
9.928118,-12.248453
6.439271,-7.7937546
0.6124144,-0.7399843
-6.0319753,13.727118
0.14872177,-0.69072986
0.7031393,16.55431
3.3808775,12.057027
20.126455,4.3631063
1.1541201,-0.16954027
-4.8112645,10.737822
-4.6713133,19.923819
3.1643162,11.756876
7.615287,17.594955
-4.0397863,-8.447775
6.571038,-7.3795424
-2.0920491,16.335169
7.6228485,17.58617
0.12630583,-0.69952893
19.436356,-4.3085904
20.716278,9.361945
3.4634519,12.184836
-9.099977,3.8810732
21.895601,10.2969265
3.4396698,12.152604
11.877953,2.3889
6.734976,18.873755
1.5377556,-0.9338452
18.83113,-5.824399
3.3097131,12.018186
0.12697165,-0.70095557
2.732614,11.464773
3.168011,-4.4826007
-4.016037,-8.472058
3.1695797,11.865821
12.155142,14.609885
1.1455063,-0.1739386
6.4758,-7.0955753
0.9155684,-0.7006402
-3.0725622,17.75563
-4.655623,19.913351
1.3722668,-0.80991757
-4.707946,19.922138
3.1880372,11.898941
7.619099,17.580225
13.776162,21.309065
-4.803266,10.731139
7.6227336,17.596907
20.653624,-1.9170582
6.739044,1.5541537
19.300201,-0.7500679
0.11363678,-0.67711216
-4.0225387,-8.466233
6.4146857,-7.7304626
2.6168802,11.510608
-8.9912405,3.872846
0.34935623,-0.87529373
19.307016,7.692525
6.754322,1.5383958
13.635161,20.874748
6.763163,1.3920721
3.1648319,11.875135
1.0489733,12.214518
6.0246305,1.8085159
7.6280603,17.584372
-1.9243976,16.299824
21.632391,10.864171
-8.539614,3.685243
7.647548,17.615217
3.4703596,12.192211
-4.704447,19.925663
15.043381,21.470001
13.788107,21.362036
-8.698892,3.7969458
3.486936,12.209125
-4.6526637,19.95832
0.65378475,-0.76210535
-4.7955813,10.725721
0.0996501,-0.6946346
-2.0794425,16.332888
-2.619404,17.063381
6.0597763,0.32019615
6.7728105,18.91032
7.6340966,17.60249
-3.0550466,17.731941
3.089433,11.864425
6.811445,-6.638768
-4.6997375,19.971321
-4.6888413,19.933321
11.482086,2.009752
15.045613,21.485748
0.7087018,16.56541
7.677276,17.646961
6.830963,-6.6138606
3.4391534,12.153996
7.671862,17.635311
21.597004,10.926316
7.6369634,17.575851
-6.3819146,-5.3772435
11.720134,2.2938082
3.104608,11.875694
17.491026,4.522095
7.6317406,17.587622
-4.722853,19.872177
6.1133914,-6.4225564
3.472338,12.194585
7.5425014,1.1229682
-4.7120056,19.982918
6.7924423,18.928453
-1.8722279,16.298687
0.15617795,-0.7085521
-4.558048,10.04816
6.7683377,18.905079
-3.6415312,6.216138
20.675894,-1.9296169
-2.1046946,16.346096
-4.5578766,10.040545
13.265716,21.359756
10.067159,-12.91989
3.4812322,12.199611
7.5345163,17.529247
5.860973,1.2033193
6.8848815,-6.9533734
-4.7152305,20.011229
6.799813,18.932573
20.927132,9.591303
-4.775299,10.710526
18.649616,-2.850622
-6.018597,13.777875
19.115938,-4.2809725
3.477723,12.201129
18.84251,-5.8547626
21.887943,10.324695
-4.679082,20.011158
18.97996,-5.189686
13.273833,21.356266
12.231994,14.200463
-4.727129,20.030663
0.9423823,-0.36274207
18.638393,-2.8524854
12.241895,14.182011
-4.717189,19.937437
6.7466364,1.5386537
15.07923,21.410786
-8.67901,3.7947485
13.274449,21.355862
19.964619,2.323001
-8.712161,3.7791836
14.798584,21.60987
-8.692311,3.791249
3.2725468,11.985847
-4.7548594,20.096994
-4.552077,10.041069
3.6520395,-4.565812
7.757653,-1.2004883
0.7410082,16.609734
-8.67191,3.7898548
6.0298467,1.8155172
3.1126454,11.889877
0.13924205,-0.68125975
10.096463,-12.971634
6.7915277,-6.5986238
12.194853,14.573604
-4.540766,10.032676
6.564632,17.346134
-8.7104435,3.8058763
-0.45109454,4.8606353
19.889854,2.2684035
19.273926,-4.8766246
19.88746,2.3692183
-8.686353,3.7945302
6.660276,-6.462472
19.410141,-2.096359
-8.688511,3.787946
6.8340592,-6.587244
-2.9395072,17.582756
7.667819,17.632689
19.934847,2.3504515
13.635713,20.825508
10.117596,-12.983879
-2.6095626,17.103432
20.584816,-5.1482215
0.746721,16.618084
10.079892,-12.905604
-1.9882798,16.333368
-0.44685733,4.856466
15.061531,21.49435
0.57493573,-0.7523096
15.086324,21.436987
14.803618,21.588057
1.1613716,-0.3008884
-4.78622,10.714028
0.7246605,16.592993
21.600344,10.929382
-8.65735,3.7743154
13.8141365,21.438633
20.7162,-1.9646883
-4.550887,10.027548
6.578132,17.357801
7.6974583,18.46236
-4.7409763,20.084562
3.4832883,12.209788
11.911683,2.4389992
12.267275,13.1326885
-4.542403,10.032371
11.555259,2.183506
-3.6389413,6.228572
6.0320334,0.2835876
14.178433,21.486351
6.577882,-7.2014704
11.887497,2.4273999
-2.9349205,17.581347
-1.8386511,16.277258
19.293524,-4.776037
6.7077527,-6.544739
6.6115746,1.6319364
15.085158,21.499716
-8.663395,3.7850828
15.102018,21.527958
18.8428,-5.8307133
15.089297,21.511547
20.585047,8.966529
15.119056,21.59547
-3.0003748,17.656372
-4.7803764,20.116583
3.3190942,12.0316725
15.159581,21.579248
13.818302,21.468042
3.276497,11.987098
15.17157,21.618671
-3.146758,6.063426
0.7424581,16.613758
15.152533,21.59365
-1.8244747,16.296497
14.109369,20.2602
-4.762688,20.096859
-3.1517727,6.068276
-8.568363,3.7549686
-2.9639893,17.624752
15.182699,21.602444
14.133675,21.568317
1.0914577,-0.23101737
-3.6249936,6.43265
1.043721,12.236967
-3.65045,6.209484
-0.43596938,4.8453074
3.2461522,11.962048
7.6898937,18.481705
-4.728772,10.681949
-4.7826347,20.141424
18.656729,-2.8336449
-8.724435,3.5364199
20.676737,-1.9292765
3.4615004,12.180342
-8.500168,3.70314
6.001251,1.8300387
3.4940197,12.222577
0.98252565,-0.8174566
0.7682601,16.642385
0.3684937,-0.8224487
1.0775634,12.202563
-4.804451,20.171652
13.802685,21.482435
-2.9864128,17.643911
18.611105,-2.828537
3.104056,11.883154
-3.1664765,6.051703
10.126097,-12.994246
-4.7453923,20.029057
16.842796,4.5155926
11.874074,2.419954
-3.1569672,6.065129
11.917159,2.4551384
3.3898754,12.108693
3.5094397,12.238975
3.4971402,12.22703
3.500675,12.230458
15.350619,21.403456
1.0597221,12.236067
-1.7975332,16.295544
19.857475,2.4436054
-4.5243216,10.046345
-3.639798,6.214678
3.4498568,12.172873
13.303327,21.403154
15.233273,21.707556
-4.7464414,10.686787
0.62742054,-0.7289092
1.113042,-0.22383644
-2.8478181,17.484596
-4.808765,20.18475
-2.5768633,17.16463
-8.353557,3.602179
5.955445,0.57447827
19.408392,-2.0980217
6.799952,-7.058336
0.7765106,16.655853
6.90621,19.013994
15.10949,21.89031
12.236394,14.515859
14.708814,21.791672
18.615934,-2.9229536
15.323833,21.770864
6.0161633,1.8075953
18.8108,-3.8636086
19.903309,2.378948
13.81616,21.51408
7.908722,17.863758
20.708559,3.8832064
7.945164,17.919582
-0.44194618,4.851412
15.303075,21.75827
10.089389,-12.951559
-3.4416883,18.16145
7.700587,18.481218
14.714432,21.789082
-4.8091297,20.179186
7.5809107,1.1428024
13.340777,21.444304
7.700294,18.48649
-4.514397,10.034078
-6.3917975,-5.3674273
12.238009,14.201437
2.7212145,11.542119
6.9517584,19.05309
6.295834,-6.576536
-8.2749605,3.5558956
-4.506719,10.059566
-4.818375,20.187756
6.0317063,0.27693546
0.22362866,-0.6967394
-6.391755,-5.3673654
1.007983,12.306022
-4.858768,3.0716434
6.688109,-6.974403
6.1145396,1.3204628
13.332609,21.429766
21.705376,10.6466055
-8.204007,3.5187783
15.323688,21.813597
-8.241082,3.5427504
-4.8817463,3.0950115
1.0163207,-0.7764349
15.339005,21.824984
19.20371,-6.2945294
-5.213964,3.4476252
6.0202546,1.812773
-4.4992976,10.062695
0.9695817,-0.8440282
6.0912166,1.7467184
6.7808657,1.5134537
-3.6355124,6.215227
1.0129864,12.294347
7.694646,18.485374
-2.9488933,17.603226
-0.43937394,4.8487396
20.671526,-1.924143
16.857395,4.531101
14.698729,21.80202
6.8019085,-6.584158
-4.7229567,10.676528
15.340544,21.81175
1.0905169,-0.22947124
-4.705746,10.66696
6.3387103,1.6099949
2.7098634,11.411654
6.6818504,-6.890106
-0.4429467,4.852357
-4.5029316,10.059873
0.5784902,-0.7458795
1.0800861,-0.23595835
-8.256037,3.5454566
13.770715,21.541893
1.0976824,-0.22795616
-3.8344347,-8.645775
-4.820963,20.197723
-4.8795714,3.092993
1.1389823,-0.26747245
18.626009,-2.824342
19.943413,2.3317897
15.330221,21.803202
-0.42704332,4.836469
1.1712568,-0.1529893
20.950974,9.627266
15.34692,21.856077
-4.84586,20.197744
18.652794,-2.8532376
12.264298,13.174012
-3.6010716,6.1653247
-3.2178948,6.0209002
-4.8180203,20.181255
-3.205165,6.0387187
10.140324,-13.010608
-4.8830175,3.096221
15.315279,21.81488
0.77297413,16.659018
7.51798,1.165418
-0.4406632,4.8498588
-4.8229804,20.206402
6.803581,-6.610736
7.9376307,17.897757
6.5394177,-6.322543
7.9458394,17.927618
-8.292038,3.5735252
6.806216,-6.576592
-1.826701,16.328156
0.73919654,-0.63844633
15.341837,21.83161
6.5115633,-6.6433253
7.699267,18.4855
14.8341255,20.72428
6.0565715,1.7491685
15.322842,21.842518
21.098442,9.784369
-3.826406,-8.65346
-4.917195,3.1322968
7.957408,17.920801
-4.8649898,3.077867
0.8057356,16.696125
1.1237284,-0.23686287
15.310402,21.880318
12.145037,13.070726
21.609476,10.486982
-4.921048,3.135957
6.5951004,1.6466817
-4.61003,10.600724
-4.852242,3.065048
13.342989,21.441021
21.196264,9.897951
6.950206,19.054571
6.80124,-6.5933666
15.029226,21.999739
15.319611,21.859869
13.52407,20.74782
2.6834116,11.529952
6.649205,-6.8772473
20.808483,9.447948
6.041241,1.8002144
6.960744,19.046705
6.373821,1.6478221
-4.8829694,3.0963023
21.419432,-0.17422552
-4.9014406,3.1152365
6.9591703,19.052444
2.7381487,11.572336
7.9532576,17.93828
15.299721,21.890976
-4.815493,20.194914
21.45145,-0.14396289
10.116892,-12.98442
-4.888946,3.1016443
1.0146884,-0.32246423
21.60384,10.399594
10.055771,-12.900478
-6.39917,-5.3596077
-8.230234,3.5032775
6.0854716,1.5514493
12.233943,13.333185
-8.18285,3.5265977
15.315507,21.882608
7.7011137,18.482021
-4.825358,20.215845
7.7279363,-1.2646947
5.910852,1.3207781
20.733063,9.380144
-2.6851356,17.337282
-1.795729,16.331623
-6.377771,-5.381421
16.864233,4.5461526
-4.9462614,3.161116
12.207251,14.571747
-2.6890254,17.341707
15.017927,22.049835
7.40264,1.2194462
-3.3440719,5.957721
9.9365425,-12.254957
6.32225,1.5984155
-4.35218,10.185199
0.9795852,17.736677
6.955422,19.055397
11.474031,2.030714
7.9596014,17.98403
-2.6604078,17.336296
15.362404,21.859016
9.9350815,-12.231731
-2.4721992,17.148857
1.8635857,9.573512
7.6994886,18.479588
0.9768701,17.757229
-4.9295473,3.143744
6.814555,-6.6071587
7.9624867,17.940435
15.035009,22.07162
10.105451,-12.978202
1.0012693,12.317005
0.99978024,12.314254
-4.926619,3.1399539
15.177848,22.100267
10.066707,-12.912103
1.000252,17.773966
-2.5729084,17.283302
-3.54577,6.0974283
-2.6029835,17.30611
1.0044664,-0.3374935
10.128006,-13.002541
-1.649524,16.314878
3.1712666,-4.481823
13.776391,21.522888
18.631695,-2.818267
10.13611,-13.005448
13.354133,21.453009
6.997844,19.102345
-2.5689723,17.279947
19.891066,2.3622062
-4.4938006,10.508604
0.98968536,17.763044
-4.9835916,3.1982028
15.337233,21.852583
-4.3640423,10.204775
-8.215522,3.4992628
11.738414,2.327156
9.926426,-12.412731
-4.964394,3.179035
-4.9861426,3.2022047
1.0025141,17.77472
0.99251026,17.749422
3.2774546,1.3188431
-5.0127635,3.2298024
-5.2911277,3.52617
-0.42444295,4.833547
12.194709,13.594934
21.608284,10.918538
14.10179,21.626696
14.982743,22.06919
2.6908994,11.447639
-2.5549958,17.276377
14.63889,21.830908
1.1271936,-0.26169673
-5.3069034,3.5421555
6.7010503,-6.544893
6.9740567,19.049805
16.851027,4.5342183
6.962908,19.057682
11.51089,2.057436
0.9997983,17.771114
2.7082477,11.451113
-8.208235,3.4975622
0.7961702,16.723969
-2.577218,17.288633
0.79725724,16.729021
12.216287,14.580501
12.218609,14.554588
0.98349077,17.754166
19.755438,2.6163354
-5.0568194,3.2756135
11.487898,2.0007348
-8.209849,3.4945302
-8.198575,3.491918
12.237851,14.212307
14.645522,21.831438
20.666801,-1.9237262
-5.2588716,3.4916255
0.94762206,17.696596
-5.0143538,3.2318141
0.7982068,16.730541
-1.6024407,16.290985
-8.178176,3.519194
-3.375112,5.891808
-4.4828863,10.507085
-3.560887,6.078858
1.1002644,-0.25374025
16.882536,4.559674
15.328119,21.70397
14.091284,21.626793
-3.7881858,-8.691031
12.231698,14.481941
-5.058414,3.277063
-1.6730162,16.335373
10.102112,-12.963698
-8.187673,3.5030272
-4.3428497,10.205789
-4.356004,10.196997
-8.214931,3.4836338
-1.6581848,16.320011
6.28441,1.6424142
-4.48088,10.508916
-4.98155,3.1953523
-1.6043662,16.29425
10.087127,-12.944434
-2.566471,17.29445
12.195298,13.605245
12.194482,13.580365
7.9655952,17.927134
15.183178,22.135565
0.9910756,12.335667
13.380031,21.491343
-2.2624507,17.118673
-1.6219114,16.30773
1.0056651,17.779528
-4.467545,10.490696
10.054245,-12.892181
12.26939,13.141288
16.940414,4.548705
-3.784768,-8.694359
15.208341,22.109213
-6.398443,-5.360366
-2.5295072,17.268505
-3.6332986,6.32075
0.97158355,17.72917
-4.299653,10.213063
-5.3116264,3.547664
-2.2257035,17.09203
-8.185263,3.4806786
-4.0374017,-8.4512205
-3.7816598,-8.697425
7.7245207,18.443031
9.93114,-12.300161
-5.0935984,3.312924
14.6792,21.842619
-4.365549,10.189558
2.6796422,11.515795
-2.2115133,17.075623
7.9473476,17.907467
-5.2830615,3.5171824
-2.2060907,17.079222
-6.3744235,-5.38485
15.124967,22.186403
-3.3734796,5.9410443
1.0252681,17.799034
-8.159919,3.4760733
-8.200172,3.4668608
-3.5256853,6.049043
-2.5207117,17.267534
-5.292975,3.5277178
-2.2135658,17.083838
20.71308,-1.961666
6.225879,1.5529065
-4.378483,10.177988
-5.064252,3.2820814
-8.441665,3.5003433
-5.2953005,3.5286255
-2.210842,17.08259
-5.131065,3.3533132
-3.335957,5.8955903
20.103941,4.4105353
-1.5883261,16.289864
7.9638314,17.955618
-8.169193,3.489837
-3.3821576,5.9240975
6.970166,19.057034
1.0144337,17.784264
0.985628,12.345554
20.661583,3.913411
9.9338,-12.355173
-5.0978694,3.3172526
-5.321246,3.5575118
12.268187,13.148433
20.821701,9.419155
-8.234181,3.5325928
1.0124859,17.782713
-5.3109994,3.5456963
-8.1600065,3.486624
-8.170702,3.5001419
10.1278715,-12.997835
19.769133,2.5768955
-5.081781,3.3005815
14.639375,21.830036
-8.186723,3.4858418
-1.5834208,16.28295
1.0315486,17.807663
-6.4022317,-5.3565793
15.165534,22.149374
-1.620799,16.311996
-5.0033226,3.2193959
-8.246915,3.5516148
-5.326758,3.5657616
16.872093,4.5468225
15.177285,22.18201
9.93031,-12.388528
10.127989,-12.9982815
-5.081903,3.3006423
-2.2024703,17.086502
20.672068,-1.9256253
-8.240628,3.4405837
12.237453,14.212562
-8.407461,3.4921558
12.267127,13.145237
21.6128,10.911898
12.18856,13.5808735
7.971218,17.940168
-5.065008,3.2838805
13.61343,20.734018
-0.43734118,4.846148
0.97380394,12.351899
12.238033,14.460228
21.465115,-0.1306772
15.307577,21.789404
0.97275966,12.36555
-1.6191427,16.30914
-3.3693929,5.9237385
-5.3216944,3.5582044
-2.2158701,17.10238
-5.124558,3.3443587
1.0327232,17.808199
-3.5157418,6.050389
-8.185983,3.4909139
10.048829,-12.879931
15.120289,22.184437
12.21863,14.558104
15.114174,22.192863
19.199242,-6.469265
14.076728,21.668081
-2.198012,17.08401
-5.3288007,3.5656261
-4.471926,10.506132
19.737137,2.6337528
15.17459,22.135632
-0.4089841,4.8181524
13.795964,21.529627
-2.5175061,17.26293
3.172049,-4.4758883
-1.5911157,16.303072
-2.208183,17.094069
15.037095,22.090002
15.170186,22.183607
-1.5882573,16.289427
-1.5789459,16.285585
0.97766405,12.352443
-4.5036745,10.526242
12.236336,14.519194
14.094556,21.637596
1.0341513,17.812456
7.990917,17.923378
-3.7871025,-8.6921
1.0326275,17.807888
-3.7850182,-8.694135
1.0333352,17.808847
-4.479032,10.492861
-8.16911,3.516052
15.121907,22.182161
-2.2028701,17.094187
15.006528,22.069355
12.263708,14.453044
-5.2855663,3.5149364
-4.3547826,10.212024
-2.4544868,17.230091
-5.2124996,3.4410167
7.979294,17.929522
-1.6688842,16.399225
-1.5787523,16.278051
-8.327277,3.4896443
7.947592,17.983902
12.23706,14.519668
-1.7937651,16.600239
-4.5207696,19.387497
-1.574664,16.298616
-1.8069296,16.615698
-6.266299,12.856757
